Date,ซื้อตั๋วเงิน,ซื้อเงินโอน,อัตราขาย
2020-01-01,29.8406,29.9315,30.2826
2020-01-02,29.8406,29.9315,30.2826
2020-01-03,29.8997,29.9872,30.3148
2020-01-04,29.8929,29.98176666666667,30.320400000000003
2020-01-05,29.8861,29.976333333333333,30.326
2020-01-06,29.8793,29.9709,30.3316
2020-01-07,29.8849,29.9747,30.3215
2020-01-08,30.022,30.1115,30.4548
2020-01-09,30.0287,30.1202,30.477
2020-01-10,30.0005,30.0935,30.446
2020-01-11,29.975066666666667,30.068266666666666,30.419333333333334
2020-01-12,29.94963333333333,30.043033333333334,30.392666666666667
2020-01-13,29.9242,30.0178,30.366
2020-01-14,29.9968,30.0895,30.4261
2020-01-15,29.9993,30.0864,30.4331
2020-01-16,30.0152,30.1091,30.4544
2020-01-17,30.2028,30.2921,30.6145
2020-01-18,30.1786,30.2691,30.601
2020-01-19,30.1544,30.2461,30.587500000000002
2020-01-20,30.1302,30.2231,30.574
2020-01-21,30.0952,30.1873,30.5348
2020-01-22,30.1325,30.2229,30.5741
2020-01-23,30.1802,30.2751,30.6139
2020-01-24,30.2525,30.3432,30.6763
2020-01-25,30.301133333333333,30.3924,30.726733333333335
2020-01-26,30.349766666666667,30.4416,30.777166666666666
2020-01-27,30.3984,30.4908,30.8276
2020-01-28,30.5183,30.6056,30.9438
2020-01-29,30.6222,30.7095,31.0306
2020-01-30,30.92,31.0058,31.3219
2020-01-31,30.8734,30.9654,31.2959
2020-02-01,30.887866666666667,30.980999999999998,31.3153
2020-02-02,30.90233333333333,30.9966,31.334699999999998
2020-02-03,30.9168,31.0122,31.3541
2020-02-04,30.7538,30.8482,31.1895
2020-02-05,30.831,30.924,31.2612
2020-02-06,30.8352,30.9183,31.2457
2020-02-07,30.925,31.012,31.3462
2020-02-08,30.9282,31.016925,31.355175
2020-02-09,30.9314,31.02185,31.364150000000002
2020-02-10,30.9346,31.026775,31.373125
2020-02-11,30.9378,31.0317,31.3821
2020-02-12,30.9152,31.0033,31.3299
2020-02-13,30.8944,30.9817,31.3194
2020-02-14,30.887,30.9801,31.3263
2020-02-15,30.894433333333335,30.9873,31.333566666666666
2020-02-16,30.901866666666667,30.9945,31.340833333333332
2020-02-17,30.9093,31.0017,31.3481
2020-02-18,30.9637,31.0511,31.3899
2020-02-19,30.9284,31.0169,31.3618
2020-02-20,31.0463,31.1413,31.4741
2020-02-21,31.3281,31.4222,31.7577
2020-02-22,31.372633333333333,31.466633333333334,31.804966666666665
2020-02-23,31.417166666666667,31.511066666666665,31.852233333333334
2020-02-24,31.4617,31.5555,31.8995
2020-02-25,31.3818,31.475,31.8135
2020-02-26,31.5922,31.6797,32.0174
2020-02-27,31.545,31.639,31.989
2020-02-28,31.3791,31.4646,31.7804
2020-02-29,31.30036666666667,31.387833333333333,31.706500000000002
2020-03-01,31.221633333333333,31.31106666666667,31.6326
2020-03-02,31.1429,31.2343,31.5587
2020-03-03,31.2434,31.336,31.6687
2020-03-04,31.1285,31.2134,31.5423
2020-03-05,31.1829,31.2718,31.6017
2020-03-06,31.3313,31.4269,31.7513
2020-03-07,31.302766666666667,31.3949,31.7177
2020-03-08,31.27423333333333,31.3629,31.6841
2020-03-09,31.2457,31.3309,31.6505
2020-03-10,31.1537,31.2456,31.5859
2020-03-11,31.2374,31.3219,31.6471
2020-03-12,31.3049,31.3885,31.7063
2020-03-13,31.6677,31.7604,32.1014
2020-03-14,31.675766666666668,31.769266666666667,32.10923333333333
2020-03-15,31.683833333333332,31.778133333333333,32.117066666666666
2020-03-16,31.6919,31.787,32.1249
2020-03-17,31.8863,31.9726,32.2936
2020-03-18,32.0514,32.1264,32.4788
2020-03-19,32.3711,32.4652,32.8006
2020-03-20,32.2634,32.3521,32.6801
2020-03-21,32.408166666666666,32.495533333333334,32.81883333333334
2020-03-22,32.55293333333333,32.63896666666667,32.957566666666665
2020-03-23,32.6977,32.7824,33.0963
2020-03-24,32.6317,32.7172,33.0299
2020-03-25,32.5984,32.6813,32.9944
2020-03-26,32.5439,32.6292,32.9471
2020-03-27,32.2178,32.2983,32.6139
2020-03-28,32.277366666666666,32.36006666666667,32.67936666666667
2020-03-29,32.336933333333334,32.42183333333333,32.74483333333333
2020-03-30,32.3965,32.4836,32.8103
2020-03-31,32.4257,32.5125,32.8298
2020-04-01,32.6345,32.7228,33.0476
2020-04-02,32.8248,32.9203,33.2603
2020-04-03,32.6645,32.7492,33.0585
2020-04-04,32.637299999999996,32.724775,33.040350000000004
2020-04-05,32.6101,32.70035,33.0222
2020-04-06,32.5829,32.675925,33.00405
2020-04-07,32.5557,32.6515,32.9859
2020-04-08,32.5495,32.6412,32.9837
2020-04-09,32.5113,32.6049,32.9471
2020-04-10,32.4202,32.5134,32.8579
2020-04-11,32.439433333333334,32.53256666666667,32.87703333333334
2020-04-12,32.458666666666666,32.55173333333333,32.896166666666666
2020-04-13,32.4779,32.5709,32.9153
2020-04-14,32.4917,32.5841,32.9226
2020-04-15,32.348,32.444,32.7917
2020-04-16,32.4597,32.5457,32.8712
2020-04-17,32.2567,32.3505,32.6841
2020-04-18,32.2516,32.34356666666667,32.67483333333333
2020-04-19,32.2465,32.33663333333333,32.66556666666667
2020-04-20,32.2414,32.3297,32.6563
2020-04-21,32.296,32.3906,32.7235
2020-04-22,32.2339,32.3294,32.6694
2020-04-23,32.101,32.1849,32.5049
2020-04-24,32.1661,32.2585,32.6036
2020-04-25,32.181,32.2722,32.6092
2020-04-26,32.1959,32.2859,32.614799999999995
2020-04-27,32.2108,32.2996,32.6204
2020-04-28,32.2366,32.325,32.659
2020-04-29,32.1567,32.25,32.6002
2020-04-30,32.1143,32.2104,32.5458
2020-05-01,32.11428,32.20944,32.54728
2020-05-02,32.11426,32.20848,32.54876
2020-05-03,32.114239999999995,32.207519999999995,32.550239999999995
2020-05-04,32.114219999999996,32.206559999999996,32.551719999999996
2020-05-05,32.1142,32.2056,32.5532
2020-05-06,32.14725,32.2397,32.5857
2020-05-07,32.1803,32.2738,32.6182
2020-05-08,32.0118,32.1027,32.4485
2020-05-09,31.976200000000002,32.068266666666666,32.4092
2020-05-10,31.9406,32.033833333333334,32.3699
2020-05-11,31.905,31.9994,32.3306
2020-05-12,31.8998,31.9942,32.3353
2020-05-13,31.8147,31.9065,32.2466
2020-05-14,31.8331,31.9245,32.2589
2020-05-15,31.8363,31.9201,32.2461
2020-05-16,31.82456666666667,31.908166666666666,32.233866666666664
2020-05-17,31.812833333333334,31.896233333333335,32.22163333333334
2020-05-18,31.8011,31.8843,32.2094
2020-05-19,31.6711,31.7672,32.1134
2020-05-20,31.6192,31.7117,32.0531
2020-05-21,31.5877,31.682,32.0295
2020-05-22,31.6158,31.6989,32.034
2020-05-23,31.641466666666666,31.7275,32.062
2020-05-24,31.667133333333332,31.7561,32.09
2020-05-25,31.6928,31.7847,32.118
2020-05-26,31.6509,31.7426,32.0953
2020-05-27,31.6154,31.7079,32.0535
2020-05-28,31.6143,31.7055,32.0556
2020-05-29,31.5807,31.6722,32.0178
2020-05-30,31.5451,31.6377,31.9845
2020-05-31,31.5095,31.6032,31.9512
2020-06-01,31.4739,31.5687,31.9179
2020-06-02,31.3383,31.4338,31.7705
2020-06-03,31.34465,31.439950000000003,31.77505
2020-06-04,31.351,31.4461,31.7796
2020-06-05,31.2419,31.3346,31.6782
2020-06-06,31.236533333333334,31.329266666666665,31.670266666666667
2020-06-07,31.231166666666667,31.323933333333333,31.662333333333333
2020-06-08,31.2258,31.3186,31.6544
2020-06-09,31.1281,31.2176,31.5412
2020-06-10,30.9618,31.0577,31.3927
2020-06-11,30.6846,30.7826,31.1199
2020-06-12,30.8159,30.9092,31.2408
2020-06-13,30.792966666666665,30.887266666666665,31.220466666666667
2020-06-14,30.770033333333334,30.865333333333332,31.200133333333333
2020-06-15,30.7471,30.8434,31.1798
2020-06-16,30.799,30.894,31.2256
2020-06-17,30.8958,30.9904,31.3187
2020-06-18,30.8757,30.9706,31.3047
2020-06-19,30.7734,30.8697,31.1949
2020-06-20,30.758366666666667,30.853266666666666,31.186866666666667
2020-06-21,30.743333333333332,30.836833333333335,31.178833333333333
2020-06-22,30.7283,30.8204,31.1708
2020-06-23,30.7309,30.8263,31.157
2020-06-24,30.6073,30.7009,31.0339
2020-06-25,30.6243,30.7168,31.0549
2020-06-26,30.6339,30.7261,31.0708
2020-06-27,30.635666666666665,30.728033333333332,31.073533333333334
2020-06-28,30.637433333333334,30.729966666666666,31.076266666666665
2020-06-29,30.6392,30.7319,31.079
2020-06-30,30.6238,30.7151,31.0658
2020-07-01,30.6829,30.7752,31.1319
2020-07-02,30.7972,30.8902,31.2173
2020-07-03,30.8539,30.9462,31.2842
2020-07-04,30.846674999999998,30.938925,31.2746
2020-07-05,30.83945,30.93165,31.265
2020-07-06,30.832225,30.924375,31.255399999999998
2020-07-07,30.825,30.9171,31.2458
2020-07-08,31.0201,31.1145,31.453
2020-07-09,30.8982,30.9918,31.3307
2020-07-10,31.0544,31.1399,31.4603
2020-07-11,31.049666666666667,31.137733333333333,31.461
2020-07-12,31.044933333333333,31.13556666666667,31.4617
2020-07-13,31.0402,31.1334,31.4624
2020-07-14,31.2376,31.3314,31.6652
2020-07-15,31.2532,31.3486,31.6737
2020-07-16,31.4097,31.5047,31.8345
2020-07-17,31.4493,31.5441,31.8777
2020-07-18,31.4743,31.569133333333333,31.904666666666667
2020-07-19,31.4993,31.594166666666666,31.931633333333334
2020-07-20,31.5243,31.6192,31.9586
2020-07-21,31.4722,31.5676,31.9091
2020-07-22,31.3142,31.4074,31.745
2020-07-23,31.3769,31.4705,31.8064
2020-07-24,31.4671,31.56,31.8912
2020-07-25,31.42248,31.51566,31.8475
2020-07-26,31.37786,31.47132,31.8038
2020-07-27,31.33324,31.42698,31.7601
2020-07-28,31.288619999999998,31.38264,31.7164
2020-07-29,31.244,31.3383,31.6727
2020-07-30,31.15,31.2459,31.5831
2020-07-31,30.9936,31.0855,31.4337
2020-08-01,30.983800000000002,31.07593333333333,31.422733333333333
2020-08-02,30.974,31.066366666666667,31.41176666666667
2020-08-03,30.9642,31.0568,31.4008
2020-08-04,30.8731,30.9679,31.3082
2020-08-05,30.7531,30.8466,31.1982
2020-08-06,30.7839,30.8774,31.211
2020-08-07,30.9024,30.9958,31.3238
2020-08-08,30.9034,30.99673333333333,31.33083333333333
2020-08-09,30.9044,30.997666666666667,31.337866666666667
2020-08-10,30.9054,30.9986,31.3449
2020-08-11,30.8464,30.9404,31.2828
2020-08-12,30.81335,30.90655,31.254350000000002
2020-08-13,30.7803,30.8727,31.2259
2020-08-14,30.795,30.8862,31.2287
2020-08-15,30.8194,30.911166666666666,31.253533333333333
2020-08-16,30.8438,30.93613333333333,31.278366666666667
2020-08-17,30.8682,30.9611,31.3032
2020-08-18,30.9011,30.9944,31.3264
2020-08-19,30.9163,31.0103,31.3556
2020-08-20,31.1176,31.2131,31.5427
2020-08-21,31.1785,31.2714,31.6102
2020-08-22,31.215233333333334,31.308966666666667,31.647366666666667
2020-08-23,31.251966666666664,31.346533333333333,31.68453333333333
2020-08-24,31.2887,31.3841,31.7217
2020-08-25,31.2228,31.3129,31.652
2020-08-26,31.1275,31.2221,31.5587
2020-08-27,30.9987,31.0915,31.4346
2020-08-28,30.9807,31.076,31.4158
2020-08-29,30.930066666666665,31.0254,31.360733333333332
2020-08-30,30.879433333333335,30.9748,31.305666666666667
2020-08-31,30.8288,30.9242,31.2506
2020-09-01,30.7538,30.8486,31.1857
2020-09-02,30.9657,31.0606,31.3902
2020-09-03,31.0837,31.1789,31.5058
2020-09-04,31.09472,31.18942,31.519940000000002
2020-09-05,31.10574,31.199939999999998,31.53408
2020-09-06,31.11676,31.21046,31.54822
2020-09-07,31.12778,31.22098,31.562359999999998
2020-09-08,31.1388,31.2315,31.5765
2020-09-09,31.1228,31.2167,31.565
2020-09-10,31.0244,31.1191,31.4529
2020-09-11,31.0488,31.1416,31.4832
2020-09-12,31.0414,31.133966666666666,31.4745
2020-09-13,31.034,31.126333333333335,31.4658
2020-09-14,31.0266,31.1187,31.4571
2020-09-15,30.978,31.0722,31.4111
2020-09-16,30.9142,31.0105,31.346
2020-09-17,30.9368,31.0269,31.3403
2020-09-18,30.869,30.9626,31.2975
2020-09-19,30.841433333333335,30.934966666666664,31.268233333333335
2020-09-20,30.813866666666666,30.907333333333334,31.238966666666666
2020-09-21,30.7863,30.8797,31.2097
2020-09-22,31.1259,31.218,31.5383
2020-09-23,31.1941,31.2887,31.6233
2020-09-24,31.3334,31.4286,31.763
2020-09-25,31.2737,31.3678,31.6948
2020-09-26,31.320133333333334,31.414466666666666,31.7414
2020-09-27,31.366566666666667,31.461133333333333,31.788
2020-09-28,31.413,31.5078,31.8346
2020-09-29,31.425,31.5193,31.8558
2020-09-30,31.397,31.49,31.8258
2020-10-01,31.3422,31.4363,31.7673
2020-10-02,31.3387,31.4319,31.7711
2020-10-03,31.309433333333335,31.4032,31.7412
2020-10-04,31.280166666666666,31.3745,31.7113
2020-10-05,31.2509,31.3458,31.6814
2020-10-06,30.9989,31.094,31.4259
2020-10-07,31.045,31.1411,31.4721
2020-10-08,30.9542,31.0491,31.3888
2020-10-09,30.8673,30.9603,31.2966
2020-10-10,30.8591,30.9517,31.285533333333333
2020-10-11,30.8509,30.9431,31.27446666666667
2020-10-12,30.8427,30.9345,31.2634
2020-10-13,30.8934,30.9874,31.31845
2020-10-14,30.9441,31.0403,31.3735
2020-10-15,30.9266,31.0126,31.3351
2020-10-16,30.9322,31.0248,31.3688
2020-10-17,30.935466666666667,31.028166666666667,31.370633333333334
2020-10-18,30.938733333333335,31.031533333333332,31.372466666666668
2020-10-19,30.942,31.0349,31.3743
2020-10-20,30.9741,31.0663,31.4056
2020-10-21,30.9606,31.057,31.3933
2020-10-22,30.9889,31.0857,31.4221
2020-10-23,31.0016,31.097425,31.4353
2020-10-24,31.0143,31.10915,31.448500000000003
2020-10-25,31.027,31.120874999999998,31.4617
2020-10-26,31.0397,31.1326,31.4749
2020-10-27,30.9984,31.0894,31.4208
2020-10-28,30.9091,31.0047,31.3399
2020-10-29,30.9876,31.0826,31.4242
2020-10-30,30.9328,31.0247,31.3706
2020-10-31,30.918566666666667,31.01053333333333,31.358833333333333
2020-11-01,30.904333333333334,30.996366666666667,31.347066666666667
2020-11-02,30.8901,30.9822,31.3353
2020-11-03,30.829,30.9216,31.2628
2020-11-04,30.8606,30.9542,31.291
2020-11-05,30.7709,30.8635,31.203
2020-11-06,30.429,30.5235,30.8654
2020-11-07,30.37193333333333,30.463366666666666,30.8027
2020-11-08,30.314866666666667,30.403233333333333,30.74
2020-11-09,30.2578,30.3431,30.6773
2020-11-10,30.2133,30.3059,30.6405
2020-11-11,30.0026,30.101,30.429
2020-11-12,30.0142,30.1071,30.4325
2020-11-13,29.9956,30.0782,30.3851
2020-11-14,29.9669,30.05473333333333,30.36916666666667
2020-11-15,29.938200000000002,30.031266666666667,30.353233333333332
2020-11-16,29.9095,30.0078,30.3373
2020-11-17,29.9089,30.0025,30.3473
2020-11-18,29.9907,30.0834,30.4071
2020-11-19,30.1005,30.1954,30.535
2020-11-20,30.0724,30.1694,30.4959
2020-11-21,30.0509,30.146433333333334,30.4788
2020-11-22,30.0294,30.123466666666666,30.4617
2020-11-23,30.0079,30.1005,30.4446
2020-11-24,30.1087,30.2037,30.5296
2020-11-25,30.0814,30.176,30.5096
2020-11-26,30.0527,30.1458,30.4924
2020-11-27,30.0346,30.1273,30.4598
2020-11-28,30.0285,30.1212,30.4572
2020-11-29,30.0224,30.1151,30.454600000000003
2020-11-30,30.0163,30.109,30.452
2020-12-01,30.012,30.1033,30.4413
2020-12-02,29.9676,30.0569,30.4054
2020-12-03,29.9487,30.0388,30.3866
2020-12-04,29.8934,29.9947,30.3481
2020-12-05,29.889274999999998,29.9887,30.340799999999998
2020-12-06,29.88515,29.9827,30.3335
2020-12-07,29.881025,29.9767,30.3262
2020-12-08,29.8769,29.9707,30.3189
2020-12-09,29.7606,29.856,30.1864
2020-12-10,29.77326,29.86814,30.2014
2020-12-11,29.78592,29.88028,30.2164
2020-12-12,29.798579999999998,29.89242,30.231399999999997
2020-12-13,29.811239999999998,29.90456,30.246399999999998
2020-12-14,29.8239,29.9167,30.2614
2020-12-15,29.8124,29.9055,30.2546
2020-12-16,29.7774,29.8693,30.218
2020-12-17,29.6578,29.7541,30.082
2020-12-18,29.5501,29.6427,29.9653
2020-12-19,29.612933333333334,29.706,30.033033333333332
2020-12-20,29.675766666666668,29.7693,30.10076666666667
2020-12-21,29.7386,29.8326,30.1685
2020-12-22,29.8824,29.9764,30.3059
2020-12-23,29.9339,30.0275,30.3704
2020-12-24,29.9254,30.0209,30.3524
2020-12-25,29.8102,29.903,30.2442
2020-12-26,29.83063333333333,29.921566666666667,30.253566666666668
2020-12-27,29.851066666666668,29.940133333333332,30.262933333333333
2020-12-28,29.8715,29.9587,30.2723
2020-12-29,29.8281,29.9219,30.2606
2020-12-30,29.7749,29.8674,30.2068
2020-12-31,29.7535,29.8466,30.18572
2021-01-01,29.7321,29.8258,30.164640000000002
2021-01-02,29.7107,29.805,30.14356
2021-01-03,29.6893,29.784200000000002,30.122480000000003
2021-01-04,29.6679,29.7634,30.1014
2021-01-05,29.658,29.7443,30.0572
2021-01-06,29.6665,29.7604,30.0907
2021-01-07,29.6658,29.7578,30.0933
2021-01-08,29.8479,29.9434,30.2633
2021-01-09,29.86113333333333,29.9562,30.280733333333334
2021-01-10,29.874366666666667,29.969,30.298166666666667
2021-01-11,29.8876,29.9818,30.3156
2021-01-12,29.895,29.9867,30.3284
2021-01-13,29.7523,29.8473,30.1846
2021-01-14,29.7406,29.8347,30.1787
2021-01-15,29.7205,29.8133,30.1533
2021-01-16,29.7634,29.854833333333335,30.191766666666666
2021-01-17,29.8063,29.896366666666665,30.230233333333334
2021-01-18,29.8492,29.9379,30.2687
2021-01-19,29.7992,29.8937,30.2284
2021-01-20,29.7209,29.8107,30.1568
2021-01-21,29.6728,29.7686,30.1162
2021-01-22,29.706,29.8015,30.1412
2021-01-23,29.7079,29.80356666666667,30.146166666666666
2021-01-24,29.7098,29.805633333333333,30.151133333333334
2021-01-25,29.7117,29.8077,30.1561
2021-01-26,29.7094,29.8011,30.1515
2021-01-27,29.7049,29.7994,30.151
2021-01-28,29.7639,29.858,30.2011
2021-01-29,29.7204,29.8146,30.171
2021-01-30,29.69526666666667,29.789466666666666,30.142266666666668
2021-01-31,29.670133333333332,29.764333333333333,30.113533333333333
2021-02-01,29.645,29.7392,30.0848
2021-02-02,29.7106,29.8031,30.156
2021-02-03,29.7478,29.842,30.1811
2021-02-04,29.7531,29.8473,30.1937
2021-02-05,29.8382,29.9337,30.2811
2021-02-06,29.817633333333333,29.912000000000003,30.2596
2021-02-07,29.797066666666666,29.8903,30.2381
2021-02-08,29.7765,29.8686,30.2166
2021-02-09,29.6936,29.7906,30.1452
2021-02-10,29.6471,29.742,30.1029
2021-02-11,29.6407,29.7359,30.0897
2021-02-12,29.636375,29.728725,30.075575
2021-02-13,29.63205,29.72155,30.06145
2021-02-14,29.627724999999998,29.714375,30.047325
2021-02-15,29.6234,29.7072,30.0332
2021-02-16,29.5908,29.6847,30.0445
2021-02-17,29.7301,29.8163,30.1451
2021-02-18,29.7334,29.8259,30.1742
2021-02-19,29.7488,29.8424,30.187
2021-02-20,29.740299999999998,29.834566666666667,30.179733333333335
2021-02-21,29.7318,29.826733333333333,30.172466666666665
2021-02-22,29.7233,29.8189,30.1652
2021-02-23,29.7289,29.8221,30.1767
2021-02-24,29.7503,29.8442,30.2094
2021-02-25,29.7825,29.8736,30.2132
2021-02-26,29.858825,29.951,30.290525000000002
2021-02-27,29.93515,30.028399999999998,30.36785
2021-02-28,30.011475,30.1058,30.445175
2021-03-01,30.0878,30.1832,30.5225
2021-03-02,30.046,30.1411,30.4685
2021-03-03,30.0215,30.1158,30.4604
2021-03-04,30.0938,30.1888,30.5389
2021-03-05,30.1857,30.2795,30.6129
2021-03-06,30.243233333333333,30.337433333333333,30.6725
2021-03-07,30.300766666666668,30.395366666666664,30.7321
2021-03-08,30.3583,30.4533,30.7917
2021-03-09,30.6029,30.701,31.0284
2021-03-10,30.4862,30.5813,30.9332
2021-03-11,30.3743,30.4712,30.8116
2021-03-12,30.3861,30.4784,30.7967
2021-03-13,30.410366666666665,30.502866666666666,30.828200000000002
2021-03-14,30.434633333333334,30.527333333333335,30.8597
2021-03-15,30.4589,30.5518,30.8912
2021-03-16,30.4683,30.5618,30.8995
2021-03-17,30.5271,30.6203,30.9601
2021-03-18,30.4836,30.5793,30.9042
2021-03-19,30.6355,30.732,31.062
2021-03-20,30.6357,30.732366666666667,31.064233333333334
2021-03-21,30.6359,30.732733333333332,31.066466666666667
2021-03-22,30.6361,30.7331,31.0687
2021-03-23,30.6929,30.7881,31.1158
2021-03-24,30.7521,30.8471,31.1818
2021-03-25,30.8086,30.9043,31.2532
2021-03-26,30.8933,30.9884,31.3321
2021-03-27,30.904366666666668,30.998633333333334,31.338733333333334
2021-03-28,30.915433333333333,31.008866666666666,31.345366666666667
2021-03-29,30.9265,31.0191,31.352
2021-03-30,30.9652,31.0602,31.4003
2021-03-31,31.0817,31.1735,31.5052
2021-04-01,31.0111,31.1066,31.4333
2021-04-02,30.9802,31.0751,31.4112
2021-04-03,31.0112,31.1063,31.443833333333334
2021-04-04,31.0422,31.1375,31.476466666666667
2021-04-05,31.0732,31.1687,31.5091
2021-04-06,31.05595,31.1506,31.490949999999998
2021-04-07,31.0387,31.1325,31.4728
2021-04-08,31.1683,31.2645,31.6112
2021-04-09,31.1529,31.2507,31.5845
2021-04-10,31.19343333333333,31.289666666666665,31.624333333333333
2021-04-11,31.233966666666667,31.328633333333332,31.664166666666667
2021-04-12,31.2745,31.3676,31.704
2021-04-13,31.20565,31.298975,31.634225
2021-04-14,31.1368,31.23035,31.56445
2021-04-15,31.06795,31.161725,31.494675
2021-04-16,30.9991,31.0931,31.4249
2021-04-17,30.9914,31.0856,31.4177
2021-04-18,30.9837,31.0781,31.410500000000003
2021-04-19,30.976,31.0706,31.4033
2021-04-20,30.9504,31.0458,31.3961
2021-04-21,31.0402,31.1363,31.4802
2021-04-22,31.054,31.1475,31.4964
2021-04-23,31.1345,31.2313,31.5714
2021-04-24,31.152733333333334,31.243033333333333,31.5747
2021-04-25,31.170966666666665,31.25476666666667,31.578
2021-04-26,31.1892,31.2665,31.5813
2021-04-27,31.1548,31.2524,31.5903
2021-04-28,31.1368,31.2305,31.5853
2021-04-29,31.011,31.0919,31.4108
2021-04-30,30.9272,31.0208,31.3692
2021-05-01,30.92586,31.02018,31.366419999999998
2021-05-02,30.92452,31.019560000000002,31.36364
2021-05-03,30.92318,31.01894,31.36086
2021-05-04,30.92184,31.018320000000003,31.35808
2021-05-05,30.9205,31.0177,31.3553
2021-05-06,30.9211,31.0172,31.3631
2021-05-07,30.9671,31.0562,31.3828
2021-05-08,30.9284,31.01856666666667,31.346466666666668
2021-05-09,30.889699999999998,30.980933333333333,31.310133333333333
2021-05-10,30.851,30.9433,31.2738
2021-05-11,30.845,30.9369,31.2781
2021-05-12,30.9408,31.0322,31.3748
2021-05-13,31.0445,31.1367,31.4863
2021-05-14,31.0819,31.1756,31.5097
2021-05-15,31.1003,31.194966666666666,31.532433333333334
2021-05-16,31.1187,31.214333333333332,31.555166666666665
2021-05-17,31.1371,31.2337,31.5779
2021-05-18,31.2094,31.3023,31.6282
2021-05-19,31.1655,31.2623,31.6031
2021-05-20,31.138,31.2312,31.5697
2021-05-21,31.1134,31.2074,31.5569
2021-05-22,31.1098,31.205,31.557066666666667
2021-05-23,31.106199999999998,31.2026,31.557233333333333
2021-05-24,31.1026,31.2002,31.5574
2021-05-25,31.0687,31.1623,31.5012
2021-05-26,31.04785,31.1422,31.481
2021-05-27,31.027,31.1221,31.4608
2021-05-28,31.0291,31.1248,31.4719
2021-05-29,31.016666666666666,31.112333333333332,31.460733333333334
2021-05-30,31.004233333333335,31.099866666666667,31.44956666666667
2021-05-31,30.9918,31.0874,31.4384
2021-06-01,30.911,31.0077,31.3563
2021-06-02,30.8901,30.9833,31.343
2021-06-03,30.921950000000002,31.016,31.37855
2021-06-04,30.9538,31.0487,31.4141
2021-06-05,30.946466666666666,31.040566666666667,31.398266666666668
2021-06-06,30.939133333333334,31.032433333333334,31.38243333333333
2021-06-07,30.9318,31.0243,31.3666
2021-06-08,30.9345,31.0287,31.3738
2021-06-09,30.9156,30.9976,31.3233
2021-06-10,30.8867,30.9771,31.316
2021-06-11,30.8293,30.9256,31.2693
2021-06-12,30.832666666666668,30.92823333333333,31.279033333333334
2021-06-13,30.836033333333333,30.930866666666667,31.288766666666668
2021-06-14,30.8394,30.9335,31.2985
2021-06-15,30.8477,30.9422,31.2974
2021-06-16,30.9009,30.9934,31.3555
2021-06-17,31.0622,31.1564,31.4984
2021-06-18,31.1293,31.2264,31.5625
2021-06-19,31.185466666666667,31.281766666666666,31.617866666666668
2021-06-20,31.241633333333333,31.337133333333334,31.673233333333332
2021-06-21,31.2978,31.3925,31.7286
2021-06-22,31.4003,31.498,31.8354
2021-06-23,31.5399,31.6351,31.9636
2021-06-24,31.6319,31.7288,32.0554
2021-06-25,31.5304,31.6254,31.9591
2021-06-26,31.557833333333335,31.653366666666667,31.991466666666664
2021-06-27,31.585266666666666,31.68133333333333,32.02383333333333
2021-06-28,31.6127,31.7093,32.0562
2021-06-29,31.7494,31.8446,32.1928
2021-06-30,31.7875,31.8847,32.2219
2021-07-01,31.7542,31.8507,32.193
2021-07-02,31.9063,32.0028,32.3391
2021-07-03,31.9071,32.0025,32.337266666666665
2021-07-04,31.9079,32.0022,32.335433333333334
2021-07-05,31.9087,32.0019,32.3336
2021-07-06,31.8718,31.9645,32.2953
2021-07-07,32.034,32.13,32.4779
2021-07-08,32.179,32.2742,32.5997
2021-07-09,32.3914,32.4865,32.8155
2021-07-10,32.375099999999996,32.47036666666666,32.805366666666664
2021-07-11,32.3588,32.454233333333335,32.795233333333336
2021-07-12,32.3425,32.4381,32.7851
2021-07-13,32.3613,32.4575,32.8054
2021-07-14,32.3785,32.4729,32.8272
2021-07-15,32.3678,32.4628,32.8076
2021-07-16,32.4695,32.564,32.909
2021-07-17,32.510099999999994,32.60443333333333,32.95133333333333
2021-07-18,32.5507,32.644866666666665,32.99366666666667
2021-07-19,32.5913,32.6853,33.036
2021-07-20,32.562,32.6536,32.9954
2021-07-21,32.5821,32.6737,33.0248
2021-07-22,32.5659,32.6584,33.0169
2021-07-23,32.6494,32.7399,33.1107
2021-07-24,32.64365,32.7348,33.099325
2021-07-25,32.6379,32.729699999999994,33.08795
2021-07-26,32.632149999999996,32.724599999999995,33.076575
2021-07-27,32.6264,32.7195,33.0652
2021-07-28,32.6237,32.71565,33.060249999999996
2021-07-29,32.621,32.7118,33.0553
2021-07-30,32.6203,32.7135,33.09
2021-07-31,32.63576666666667,32.729033333333334,33.09973333333333
2021-08-01,32.65123333333333,32.74456666666667,33.10946666666667
2021-08-02,32.6667,32.7601,33.1192
2021-08-03,32.7058,32.8012,33.1506
2021-08-04,32.8059,32.897,33.2601
2021-08-05,32.8781,32.9705,33.3039
2021-08-06,33.0659,33.1574,33.4957
2021-08-07,33.095733333333335,33.18786666666667,33.53496666666667
2021-08-08,33.125566666666664,33.218333333333334,33.57423333333333
2021-08-09,33.1554,33.2488,33.6135
2021-08-10,33.1888,33.2813,33.6532
2021-08-11,33.138,33.2321,33.5761
2021-08-12,33.04755,33.14205,33.484399999999994
2021-08-13,32.9571,33.052,33.3927
2021-08-14,33.005399999999995,33.100433333333335,33.44603333333333
2021-08-15,33.0537,33.14886666666666,33.49936666666667
2021-08-16,33.102,33.1973,33.5527
2021-08-17,33.1509,33.2447,33.5892
2021-08-18,32.9503,33.0443,33.3844
2021-08-19,33.1245,33.2193,33.559
2021-08-20,33.0719,33.1627,33.5109
2021-08-21,33.065666666666665,33.15756666666667,33.50593333333333
2021-08-22,33.05943333333333,33.152433333333335,33.50096666666667
2021-08-23,33.0532,33.1473,33.496
2021-08-24,32.8801,32.9768,33.3247
2021-08-25,32.5975,32.6894,33.0458
2021-08-26,32.4993,32.5949,32.9441
2021-08-27,32.4677,32.5641,32.907
2021-08-28,32.39973333333334,32.4962,32.83546666666666
2021-08-29,32.33176666666667,32.4283,32.763933333333334
2021-08-30,32.2638,32.3604,32.6924
2021-08-31,32.1264,32.2191,32.5521
2021-09-01,32.0395,32.1349,32.4677
2021-09-02,32.1349,32.2283,32.5577
2021-09-03,32.2384,32.3355,32.6737
2021-09-04,32.2213,32.316766666666666,32.65906666666667
2021-09-05,32.2042,32.298033333333336,32.64443333333333
2021-09-06,32.1871,32.2793,32.6298
2021-09-07,32.2306,32.3252,32.6584
2021-09-08,32.4939,32.5904,32.941
2021-09-09,32.4804,32.5764,32.9189
2021-09-10,32.4394,32.5347,32.8858
2021-09-11,32.46403333333333,32.55786666666667,32.9089
2021-09-12,32.48866666666667,32.58103333333333,32.932
2021-09-13,32.5133,32.6042,32.9551
2021-09-14,32.6423,32.7375,33.0858
2021-09-15,32.6726,32.7647,33.1047
2021-09-16,32.639,32.7336,33.0836
2021-09-17,32.9128,33.0062,33.3457
2021-09-18,32.96966666666666,33.06236666666667,33.410333333333334
2021-09-19,33.02653333333333,33.11853333333333,33.47496666666667
2021-09-20,33.0834,33.1747,33.5396
2021-09-21,33.1377,33.2349,33.5863
2021-09-22,33.1476,33.2439,33.5971
2021-09-23,33.2371,33.3323,33.6865
2021-09-24,33.211425,33.30555,33.6566
2021-09-25,33.18575,33.2788,33.6267
2021-09-26,33.160075,33.25205,33.5968
2021-09-27,33.1344,33.2253,33.5669
2021-09-28,33.3991,33.4926,33.8344
2021-09-29,33.6005,33.6906,34.0433
2021-09-30,33.6589,33.7538,34.0908
2021-10-01,33.4788,33.5723,33.8983
2021-10-02,33.46066666666667,33.55413333333333,33.888866666666665
2021-10-03,33.44253333333333,33.53596666666667,33.87943333333333
2021-10-04,33.4244,33.5178,33.87
2021-10-05,33.5507,33.6448,34.0005
2021-10-06,33.6004,33.6964,34.0374
2021-10-07,33.5487,33.6398,33.9831
2021-10-08,33.5991,33.6969,34.0472
2021-10-09,33.580466666666666,33.67653333333333,34.02256666666666
2021-10-10,33.56183333333333,33.65616666666667,33.997933333333336
2021-10-11,33.5432,33.6358,33.9733
2021-10-12,33.2485,33.3414,33.6679
2021-10-13,33.1089,33.201049999999995,33.530950000000004
2021-10-14,32.9693,33.0607,33.394
2021-10-15,32.9718,33.0652,33.3946
2021-10-16,33.03706666666667,33.130766666666666,33.46863333333333
2021-10-17,33.102333333333334,33.19633333333333,33.54266666666667
2021-10-18,33.1676,33.2619,33.6167
2021-10-19,33.0834,33.1791,33.5216
2021-10-20,33.1563,33.2513,33.5927
2021-10-21,33.1078,33.2018,33.5518
2021-10-22,33.065025,33.1596,33.510025
2021-10-23,33.02225,33.1174,33.46825
2021-10-24,32.979475,33.0752,33.426475
2021-10-25,32.9367,33.033,33.3847
2021-10-26,32.8188,32.9166,33.2501
2021-10-27,32.9729,33.0649,33.3952
2021-10-28,33.047,33.1349,33.4808
2021-10-29,32.9153,33.0077,33.3532
2021-10-30,32.97646666666667,33.073033333333335,33.4197
2021-10-31,33.03763333333333,33.13836666666666,33.486200000000004
2021-11-01,33.0988,33.2037,33.5527
2021-11-02,33.0319,33.1269,33.4685
2021-11-03,33.0648,33.1603,33.5091
2021-11-04,33.0867,33.1802,33.5269
2021-11-05,33.078,33.1731,33.5082
2021-11-06,33.001666666666665,33.09643333333333,33.434133333333335
2021-11-07,32.925333333333334,33.01976666666667,33.36006666666667
2021-11-08,32.849,32.9431,33.286
2021-11-09,32.5449,32.6335,32.9728
2021-11-10,32.5316,32.6217,32.9499
2021-11-11,32.6211,32.7084,33.0443
2021-11-12,32.5482,32.642,32.9764
2021-11-13,32.51136666666667,32.605266666666665,32.94583333333333
2021-11-14,32.47453333333333,32.568533333333335,32.91526666666667
2021-11-15,32.4377,32.5318,32.8847
2021-11-16,32.4707,32.5651,32.9009
2021-11-17,32.51,32.6034,32.936
2021-11-18,32.3562,32.4485,32.805
2021-11-19,32.3493,32.4434,32.7918
2021-11-20,32.4261,32.518633333333334,32.86686666666667
2021-11-21,32.502900000000004,32.59386666666666,32.94193333333334
2021-11-22,32.5797,32.6691,33.017
2021-11-23,32.8006,32.894,33.223
2021-11-24,32.9913,33.0815,33.4162
2021-11-25,33.0544,33.1475,33.4829
2021-11-26,33.2636,33.3598,33.7017
2021-11-27,33.32406666666667,33.41976666666667,33.7642
2021-11-28,33.38453333333333,33.479733333333336,33.8267
2021-11-29,33.445,33.5397,33.8892
2021-11-30,33.4278,33.5226,33.8569
2021-12-01,33.434,33.53,33.8768
2021-12-02,33.5141,33.6101,33.947
2021-12-03,33.6565,33.7437,34.0754
2021-12-04,33.63195,33.719775,34.052175000000005
2021-12-05,33.6074,33.69585,34.02895
2021-12-06,33.58285,33.671925,34.005725
2021-12-07,33.5583,33.648,33.9825
2021-12-08,33.2735,33.3646,33.7102
2021-12-09,33.1515,33.2432,33.5815
2021-12-10,33.157399999999996,33.2501,33.589974999999995
2021-12-11,33.1633,33.257000000000005,33.59845
2021-12-12,33.169200000000004,33.2639,33.606925000000004
2021-12-13,33.1751,33.2708,33.6154
2021-12-14,33.1341,33.2273,33.5809
2021-12-15,33.1395,33.2288,33.5957
2021-12-16,33.1557,33.2499,33.598
2021-12-17,33.1231,33.219,33.5746
2021-12-18,33.1562,33.249966666666666,33.59443333333333
2021-12-19,33.1893,33.28093333333334,33.614266666666666
2021-12-20,33.2224,33.3119,33.6341
2021-12-21,33.446,33.5428,33.8629
2021-12-22,33.4513,33.5474,33.8924
2021-12-23,33.3513,33.4419,33.7747
2021-12-24,33.2573,33.3487,33.7126
2021-12-25,33.24163333333333,33.33383333333333,33.69253333333334
2021-12-26,33.225966666666665,33.31896666666667,33.672466666666665
2021-12-27,33.2103,33.3041,33.6524
2021-12-28,33.2695,33.3619,33.7119
2021-12-29,33.2906,33.3864,33.7441
2021-12-30,33.1533,33.2469,33.5929
2021-12-31,33.132220000000004,33.225319999999996,33.5692
2022-01-01,33.11114,33.203739999999996,33.545500000000004
2022-01-02,33.09006,33.18216,33.5218
2022-01-03,33.068979999999996,33.16058,33.4981
2022-01-04,33.0479,33.139,33.4744
2022-01-05,32.9552,33.0446,33.3686
2022-01-06,33.1568,33.2234,33.5319
2022-01-07,33.3216,33.4151,33.7446
2022-01-08,33.3469,33.44096666666667,33.774166666666666
2022-01-09,33.3722,33.466833333333334,33.803733333333334
2022-01-10,33.3975,33.4927,33.8333
2022-01-11,33.2584,33.3549,33.6961
2022-01-12,33.112,33.2012,33.5231
2022-01-13,33.0058,33.1035,33.4476
2022-01-14,32.9458,33.0409,33.3721
2022-01-15,32.9641,33.059133333333335,33.38956666666667
2022-01-16,32.9824,33.07736666666666,33.40703333333334
2022-01-17,33.0007,33.0956,33.4245
2022-01-18,32.755,32.8501,33.1751
2022-01-19,32.9345,33.0267,33.3568
2022-01-20,32.6657,32.7609,33.0887
2022-01-21,32.7664,32.8591,33.1835
2022-01-22,32.76636666666666,32.859899999999996,33.185833333333335
2022-01-23,32.766333333333336,32.8607,33.18816666666667
2022-01-24,32.7663,32.8615,33.1905
2022-01-25,32.7597,32.8548,33.1854
2022-01-26,32.6739,32.7811,33.1387
2022-01-27,32.9141,33.0119,33.3394
2022-01-28,33.0122,33.1067,33.4418
2022-01-29,33.06426666666667,33.15886666666666,33.49463333333333
2022-01-30,33.11633333333333,33.21103333333333,33.547466666666665
2022-01-31,33.1684,33.2632,33.6003
2022-02-01,32.9766,33.0701,33.4062
2022-02-02,32.9407,33.0323,33.3648
2022-02-03,32.9015,32.9949,33.3382
2022-02-04,32.7734,32.8656,33.1956
2022-02-05,32.74556666666667,32.83906666666667,33.166533333333334
2022-02-06,32.717733333333335,32.812533333333334,33.13746666666667
2022-02-07,32.6899,32.786,33.1084
2022-02-08,32.7005,32.7978,33.1364
2022-02-09,32.6133,32.7111,33.0478
2022-02-10,32.461,32.5578,32.886
2022-02-11,32.4544,32.55,32.8774
2022-02-12,32.41556666666666,32.51163333333333,32.8379
2022-02-13,32.376733333333334,32.47326666666667,32.7984
2022-02-14,32.3379,32.4349,32.7589
2022-02-15,32.0959,32.1928,32.5224
2022-02-16,32.03845,32.134100000000004,32.464349999999996
2022-02-17,31.981,32.0754,32.4063
2022-02-18,31.8783,31.9742,32.3059
2022-02-19,31.8786,31.973566666666667,32.30506666666667
2022-02-20,31.8789,31.972933333333334,32.304233333333336
2022-02-21,31.8792,31.9723,32.3034
2022-02-22,32.1176,32.218,32.5484
2022-02-23,32.1267,32.2289,32.5599
2022-02-24,32.1667,32.2612,32.592
2022-02-25,32.276,32.3742,32.7004
2022-02-26,32.3382,32.43646666666667,32.76416666666667
2022-02-27,32.400400000000005,32.498733333333334,32.827933333333334
2022-02-28,32.4626,32.561,32.8917
2022-03-01,32.3695,32.4663,32.7934
2022-03-02,32.4156,32.5084,32.8369
2022-03-03,32.2596,32.3568,32.685
2022-03-04,32.3718,32.466,32.7927
2022-03-05,32.4439,32.5398,32.86666666666667
2022-03-06,32.516,32.6136,32.94063333333334
2022-03-07,32.5881,32.6874,33.0146
2022-03-08,32.8276,32.9265,33.2526
2022-03-09,32.8986,32.9983,33.3326
2022-03-10,32.7883,32.8888,33.2195
2022-03-11,32.9491,33.0502,33.3846
2022-03-12,33.01176666666667,33.11053333333333,33.44733333333333
2022-03-13,33.07443333333333,33.17086666666667,33.51006666666667
2022-03-14,33.1371,33.2312,33.5728
2022-03-15,33.2318,33.3298,33.6557
2022-03-16,33.1879,33.2867,33.6075
2022-03-17,33.0068,33.0996,33.4203
2022-03-18,33.0512,33.1458,33.4598
2022-03-19,33.083666666666666,33.17946666666667,33.500033333333334
2022-03-20,33.11613333333334,33.21313333333333,33.54026666666667
2022-03-21,33.1486,33.2468,33.5805
2022-03-22,33.3739,33.4731,33.8054
2022-03-23,33.3053,33.3946,33.7048
2022-03-24,33.3839,33.4813,33.8059
2022-03-25,33.2403,33.3367,33.6625
2022-03-26,33.30616666666666,33.402566666666665,33.72873333333333
2022-03-27,33.372033333333334,33.46843333333334,33.79496666666667
2022-03-28,33.4379,33.5343,33.8612
2022-03-29,33.4651,33.5625,33.8957
2022-03-30,33.1934,33.2688,33.5743
2022-03-31,33.0429,33.1393,33.4553
2022-04-01,33.1007,33.1956,33.5272
2022-04-02,33.136833333333335,33.233,33.5661
2022-04-03,33.17296666666667,33.2704,33.605000000000004
2022-04-04,33.2091,33.3078,33.6439
2022-04-05,33.1989,33.2968,33.6219
2022-04-06,33.21785,33.315349999999995,33.64149999999999
2022-04-07,33.2368,33.3339,33.6611
2022-04-08,33.2992,33.3985,33.7248
2022-04-09,33.318466666666666,33.41746666666666,33.7408
2022-04-10,33.33773333333333,33.43643333333333,33.7568
2022-04-11,33.357,33.4554,33.7728
2022-04-12,33.4084,33.5018,33.8338
2022-04-13,33.40708333333333,33.50148333333333,33.83383333333333
2022-04-14,33.405766666666665,33.50116666666667,33.833866666666665
2022-04-15,33.40445,33.50085,33.8339
2022-04-16,33.40313333333334,33.50053333333333,33.833933333333334
2022-04-17,33.40181666666667,33.50021666666667,33.83396666666667
2022-04-18,33.4005,33.4999,33.834
2022-04-19,33.4611,33.5584,33.8862
2022-04-20,33.5589,33.6571,33.9838
2022-04-21,33.5518,33.6511,33.9836
2022-04-22,33.6396,33.7381,34.0791
2022-04-23,33.67333333333333,33.7708,34.107299999999995
2022-04-24,33.70706666666667,33.8035,34.1355
2022-04-25,33.7408,33.8362,34.1637
2022-04-26,33.8734,33.9696,34.293
2022-04-27,34.0837,34.1776,34.4934
2022-04-28,34.208,34.2837,34.572
2022-04-29,34.0916,34.1873,34.503
2022-04-30,34.1142,34.211075,34.53175
2022-05-01,34.1368,34.23485,34.560500000000005
2022-05-02,34.159400000000005,34.258625,34.58925
2022-05-03,34.182,34.2824,34.618
2022-05-04,34.00125,34.1024,34.43435
2022-05-05,33.8205,33.9224,34.2507
2022-05-06,34.1114,34.2086,34.538
2022-05-07,34.153866666666666,34.25046666666667,34.575466666666664
2022-05-08,34.196333333333335,34.29233333333333,34.61293333333333
2022-05-09,34.2388,34.3342,34.6504
2022-05-10,34.305,34.3993,34.7201
2022-05-11,34.4101,34.5072,34.8372
2022-05-12,34.4532,34.5499,34.8713
2022-05-13,34.4621,34.5613,34.89
2022-05-14,34.44245,34.5411,34.869825
2022-05-15,34.422799999999995,34.5209,34.84965
2022-05-16,34.40315,34.5007,34.829475
2022-05-17,34.3835,34.4805,34.8093
2022-05-18,34.339,34.4386,34.7655
2022-05-19,34.3683,34.4672,34.7968
2022-05-20,34.1619,34.2616,34.5957
2022-05-21,34.1212,34.2198,34.55003333333333
2022-05-22,34.0805,34.178000000000004,34.50436666666667
2022-05-23,34.0398,34.1362,34.4587
2022-05-24,33.9351,34.0336,34.3536
2022-05-25,33.9354,34.0262,34.3475
2022-05-26,34.0297,34.1251,34.4439
2022-05-27,33.9243,34.016,34.3396
2022-05-28,33.89073333333334,33.98623333333333,34.313266666666664
2022-05-29,33.857166666666664,33.956466666666664,34.28693333333333
2022-05-30,33.8236,33.9267,34.2606
2022-05-31,33.917,34.0166,34.3568
2022-06-01,34.0854,34.1801,34.4972
2022-06-02,34.1165,34.2164,34.5529
2022-06-03,34.1238,34.222975,34.55825
2022-06-04,34.1311,34.22955,34.5636
2022-06-05,34.1384,34.236125,34.56895
2022-06-06,34.1457,34.2427,34.5743
2022-06-07,34.1887,34.2844,34.6197
2022-06-08,34.2069,34.3059,34.6376
2022-06-09,34.2645,34.3601,34.6936
2022-06-10,34.3969,34.4886,34.8144
2022-06-11,34.44533333333334,34.539366666666666,34.87116666666667
2022-06-12,34.493766666666666,34.590133333333334,34.92793333333333
2022-06-13,34.5422,34.6409,34.9847
2022-06-14,34.6854,34.7832,35.1114
2022-06-15,34.8058,34.9035,35.2271
2022-06-16,34.703,34.8027,35.1226
2022-06-17,34.9398,35.0384,35.3562
2022-06-18,34.9676,35.06523333333333,35.386966666666666
2022-06-19,34.995400000000004,35.09206666666667,35.41773333333334
2022-06-20,35.0232,35.1189,35.4485
2022-06-21,35.1113,35.209,35.531
2022-06-22,35.1951,35.2924,35.6243
2022-06-23,35.155,35.2478,35.5684
2022-06-24,35.2721,35.3679,35.7065
2022-06-25,35.23246666666667,35.32953333333333,35.66563333333333
2022-06-26,35.19283333333333,35.29116666666667,35.624766666666666
2022-06-27,35.1532,35.2528,35.5839
2022-06-28,34.9757,35.0811,35.4221
2022-06-29,34.8209,34.9189,35.2491
2022-06-30,35.0306,35.1302,35.4638
2022-07-01,35.2288,35.3284,35.6658
2022-07-02,35.290033333333334,35.38686666666667,35.7294
2022-07-03,35.35126666666667,35.44533333333333,35.793
2022-07-04,35.4125,35.5038,35.8566
2022-07-05,35.4422,35.5377,35.8652
2022-07-06,35.7301,35.8288,36.1566
2022-07-07,35.9416,36.0343,36.3622
2022-07-08,35.7357,35.8333,36.1575
2022-07-09,35.7249,35.82346666666667,36.1523
2022-07-10,35.7141,35.813633333333335,36.1471
2022-07-11,35.7033,35.8038,36.1419
2022-07-12,36.0355,36.1347,36.4518
2022-07-13,36.05555,36.152550000000005,36.474000000000004
2022-07-14,36.0756,36.1704,36.4962
2022-07-15,36.3772,36.4749,36.8023
2022-07-16,36.360800000000005,36.459066666666665,36.78886666666667
2022-07-17,36.3444,36.44323333333333,36.77543333333333
2022-07-18,36.328,36.4274,36.762
2022-07-19,36.4076,36.5067,36.8318
2022-07-20,36.373,36.4785,36.8055
2022-07-21,36.5183,36.6142,36.9392
2022-07-22,36.5716,36.6703,36.9927
2022-07-23,36.524766666666665,36.6234,36.94826666666667
2022-07-24,36.47793333333333,36.5765,36.90383333333333
2022-07-25,36.4311,36.5296,36.8594
2022-07-26,36.4126,36.5105,36.8499
2022-07-27,36.5488,36.6433,36.9776
2022-07-28,36.42872,36.5232,36.86052
2022-07-29,36.30864,36.4031,36.74344
2022-07-30,36.18856,36.283,36.626360000000005
2022-07-31,36.06848,36.1629,36.509280000000004
2022-08-01,35.9484,36.0428,36.3922
2022-08-02,35.8275,35.9245,36.2466
2022-08-03,35.9426,36.0355,36.369
2022-08-04,35.8905,35.9893,36.3148
2022-08-05,35.4328,35.5274,35.85
2022-08-06,35.46476666666667,35.558933333333336,35.8818
2022-08-07,35.49673333333333,35.590466666666664,35.9136
2022-08-08,35.5287,35.622,35.9454
2022-08-09,35.2068,35.3064,35.6357
2022-08-10,35.1721,35.2653,35.5954
2022-08-11,35.0565,35.1561,35.4883
2022-08-12,35.0771,35.1781,35.51075
2022-08-13,35.0977,35.200100000000006,35.5332
2022-08-14,35.1183,35.222100000000005,35.55565
2022-08-15,35.1389,35.2441,35.5781
2022-08-16,35.2009,35.2961,35.6257
2022-08-17,35.1323,35.2278,35.5565
2022-08-18,35.3001,35.3943,35.725
2022-08-19,35.4589,35.5571,35.8858
2022-08-20,35.52823333333333,35.625233333333334,35.95543333333334
2022-08-21,35.597566666666665,35.69336666666666,36.02506666666667
2022-08-22,35.6669,35.7615,36.0947
2022-08-23,35.933,36.0318,36.3566
2022-08-24,35.8909,35.9891,36.311
2022-08-25,35.6407,35.7332,36.0577
2022-08-26,35.6612,35.7557,36.0838
2022-08-27,35.818333333333335,35.9141,36.24386666666666
2022-08-28,35.97546666666666,36.0725,36.403933333333335
2022-08-29,36.1326,36.2309,36.564
2022-08-30,36.154,36.2517,36.572
2022-08-31,36.2184,36.3165,36.6404
2022-09-01,36.4283,36.5235,36.8551
2022-09-02,36.5216,36.6226,36.9511
2022-09-03,36.51083333333333,36.6112,36.93433333333333
2022-09-04,36.50006666666667,36.5998,36.917566666666666
2022-09-05,36.4893,36.5884,36.9008
2022-09-06,36.1825,36.2775,36.6024
2022-09-07,36.4727,36.5735,36.9009
2022-09-08,36.1909,36.2856,36.619
2022-09-09,36.0714,36.1687,36.4993
2022-09-10,36.09813333333333,36.19636666666667,36.52693333333333
2022-09-11,36.12486666666667,36.22403333333333,36.554566666666666
2022-09-12,36.1516,36.2517,36.5822
2022-09-13,36.029,36.1268,36.461
2022-09-14,36.4114,36.5102,36.8491
2022-09-15,36.4384,36.5349,36.8649
2022-09-16,36.7441,36.8401,37.1848
2022-09-17,36.71293333333333,36.80843333333333,37.15006666666667
2022-09-18,36.68176666666667,36.77676666666667,37.11533333333333
2022-09-19,36.6506,36.7451,37.0806
2022-09-20,36.66,36.7568,37.0863
2022-09-21,36.8578,36.9577,37.2874
2022-09-22,37.0993,37.1963,37.5303
2022-09-23,37.0761,37.1732,37.4864
2022-09-24,37.22723333333333,37.32213333333333,37.63596666666667
2022-09-25,37.378366666666665,37.471066666666665,37.78553333333333
2022-09-26,37.5295,37.62,37.9351
2022-09-27,37.649,37.7475,38.0752
2022-09-28,37.8658,37.9548,38.2979
2022-09-29,37.8383,37.9192,38.2743
2022-09-30,37.6486,37.7454,38.0679
2022-10-01,37.679700000000004,37.77503333333333,38.102266666666665
2022-10-02,37.7108,37.80466666666666,38.136633333333336
2022-10-03,37.7419,37.8343,38.171
2022-10-04,37.5024,37.6018,37.9276
2022-10-05,37.1379,37.239,37.5592
2022-10-06,37.0354,37.132,37.4588
2022-10-07,37.1774,37.2741,37.5947
2022-10-08,37.28706666666667,37.38223333333333,37.705333333333336
2022-10-09,37.39673333333333,37.49036666666667,37.81596666666667
2022-10-10,37.5064,37.5985,37.9266
2022-10-11,37.8438,37.9381,38.2615
2022-10-12,37.9061,38.0038,38.3251
2022-10-13,37.90658,38.00434,38.32594
2022-10-14,37.90706,38.00488,38.32678
2022-10-15,37.90754,38.00542,38.32762
2022-10-16,37.90802,38.00596,38.32846
2022-10-17,37.9085,38.0065,38.3293
2022-10-18,37.8024,37.8976,38.2199
2022-10-19,37.8141,37.9079,38.2314
2022-10-20,38.0339,38.1275,38.4745
2022-10-21,38.0781,38.1755,38.5005
2022-10-22,38.041375,38.139425,38.4652
2022-10-23,38.00465,38.10335,38.4299
2022-10-24,37.967924999999994,38.067274999999995,38.3946
2022-10-25,37.9312,38.0312,38.3593
2022-10-26,37.6848,37.7887,38.111
2022-10-27,37.4957,37.5922,37.9131
2022-10-28,37.5233,37.6099,37.9183
2022-10-29,37.60386666666667,37.694300000000005,38.0101
2022-10-30,37.68443333333333,37.7787,38.1019
2022-10-31,37.765,37.8631,38.1937
2022-11-01,37.6589,37.7538,38.0886
2022-11-02,37.3979,37.4941,37.8164
2022-11-03,37.5613,37.6566,37.9901
2022-11-04,37.4493,37.5437,37.9039
2022-11-05,37.3489,37.44413333333333,37.792833333333334
2022-11-06,37.2485,37.344566666666665,37.68176666666667
2022-11-07,37.1481,37.245,37.5707
2022-11-08,37.0741,37.1709,37.4936
2022-11-09,36.5983,36.6958,37.0231
2022-11-10,36.619,36.7168,37.0418
2022-11-11,35.7393,35.8374,36.1859
2022-11-12,35.68423333333333,35.78176666666667,36.1216
2022-11-13,35.62916666666667,35.72613333333333,36.0573
2022-11-14,35.5741,35.6705,35.993
2022-11-15,35.4277,35.5282,35.8595
2022-11-16,35.4326,35.5315,35.8524
2022-11-17,35.567,35.6675,35.9994
2022-11-18,35.588,35.6844,36.0064
2022-11-19,35.65,35.74686666666666,36.0746
2022-11-20,35.712,35.809333333333335,36.1428
2022-11-21,35.774,35.8718,36.211
2022-11-22,35.9127,36.011,36.3511
2022-11-23,35.8802,35.9775,36.3079
2022-11-24,35.6852,35.7891,36.1271
2022-11-25,35.426,35.5216,35.8446
2022-11-26,35.496833333333335,35.59173333333333,35.92073333333333
2022-11-27,35.56766666666667,35.66186666666667,35.99686666666667
2022-11-28,35.6385,35.732,36.073
2022-11-29,35.404,35.5018,35.8294
2022-11-30,35.1119,35.2097,35.5352
2022-12-01,34.7402,34.8408,35.1691
2022-12-02,34.5335,34.6289,34.9573
2022-12-03,34.588499999999996,34.6845,35.013374999999996
2022-12-04,34.6435,34.7401,35.06945
2022-12-05,34.6985,34.795700000000004,35.125525
2022-12-06,34.7535,34.8513,35.1816
2022-12-07,34.8247,34.9212,35.2407
2022-12-08,34.5586,34.6579,34.9921
2022-12-09,34.4905,34.5904,34.9137
2022-12-10,34.49975,34.598775,34.92105
2022-12-11,34.509,34.607150000000004,34.928399999999996
2022-12-12,34.51825,34.615525,34.93575
2022-12-13,34.5275,34.6239,34.9431
2022-12-14,34.3395,34.4379,34.7803
2022-12-15,34.4709,34.5562,34.9006
2022-12-16,34.762,34.8616,35.1858
2022-12-17,34.6913,34.7903,35.114533333333334
2022-12-18,34.6206,34.719,35.04326666666667
2022-12-19,34.5499,34.6477,34.972
2022-12-20,34.6471,34.7461,35.0685
2022-12-21,34.4946,34.5904,34.9148
2022-12-22,34.4214,34.5189,34.8511
2022-12-23,34.5641,34.6632,34.9926
2022-12-24,34.533233333333335,34.63156666666667,34.9654
2022-12-25,34.50236666666667,34.59993333333333,34.9382
2022-12-26,34.4715,34.5683,34.911
2022-12-27,34.3744,34.4703,34.7972
2022-12-28,34.391,34.49,34.8244
2022-12-29,34.4146,34.5076,34.8339
2022-12-30,34.2946,34.3913,34.7335
2022-12-31,34.255750000000006,34.352450000000005,34.690775
2023-01-01,34.2169,34.3136,34.64805
2023-01-02,34.17805,34.27475,34.605325
2023-01-03,34.1392,34.2359,34.5626
2023-01-04,33.9739,34.0888,34.4344
2023-01-05,33.6297,33.7269,34.0462
2023-01-06,33.7483,33.8479,34.1677
2023-01-07,33.58943333333333,33.688833333333335,34.01113333333333
2023-01-08,33.43056666666667,33.52976666666667,33.85456666666667
2023-01-09,33.2717,33.3707,33.698
2023-01-10,33.192,33.2858,33.6053
2023-01-11,33.2551,33.3554,33.6839
2023-01-12,33.0927,33.1899,33.5137
2023-01-13,32.858,32.9621,33.2912
2023-01-14,32.765433333333334,32.86593333333333,33.19276666666667
2023-01-15,32.672866666666664,32.76976666666667,33.09433333333333
2023-01-16,32.5803,32.6736,32.9959
2023-01-17,32.8338,32.9297,33.2547
2023-01-18,32.8134,32.9124,33.2318
2023-01-19,32.8193,32.9165,33.2435
2023-01-20,32.5891,32.6881,33.0202
2023-01-21,32.53666666666667,32.63446666666667,32.964866666666666
2023-01-22,32.484233333333336,32.58083333333333,32.909533333333336
2023-01-23,32.4318,32.5272,32.8542
2023-01-24,32.4938,32.5929,32.92
2023-01-25,32.5394,32.6384,32.9651
2023-01-26,32.4359,32.5341,32.8627
2023-01-27,32.6047,32.7008,33.0269
2023-01-28,32.5659,32.66246666666667,32.9903
2023-01-29,32.527100000000004,32.62413333333333,32.9537
2023-01-30,32.4883,32.5858,32.9171
2023-01-31,32.5295,32.6217,32.9524
2023-02-01,32.6389,32.7375,33.0653
2023-02-02,32.4571,32.5537,32.8852
2023-02-03,32.7559,32.8535,33.1822
2023-02-04,32.92453333333333,33.02276666666666,33.350433333333335
2023-02-05,33.09316666666667,33.192033333333335,33.51866666666667
2023-02-06,33.2618,33.3613,33.6869
2023-02-07,33.3796,33.4786,33.801
2023-02-08,33.2533,33.3506,33.6782
2023-02-09,33.2649,33.3659,33.697
2023-02-10,33.3951,33.4948,33.8145
2023-02-11,33.44403333333333,33.5435,33.86233333333333
2023-02-12,33.49296666666667,33.5922,33.91016666666667
2023-02-13,33.5419,33.6409,33.958
2023-02-14,33.5638,33.6609,33.987
2023-02-15,33.786,33.88,34.1981
2023-02-16,33.9808,34.0782,34.3968
2023-02-17,34.2513,34.3505,34.673
2023-02-18,34.2239,34.3213,34.63576666666667
2023-02-19,34.1965,34.2921,34.598533333333336
2023-02-20,34.1691,34.2629,34.5613
2023-02-21,34.2994,34.3976,34.7232
2023-02-22,34.3862,34.4857,34.8109
2023-02-23,34.3313,34.4285,34.7495
2023-02-24,34.5354,34.6218,34.9387
2023-02-25,34.63046666666667,34.7172,35.0306
2023-02-26,34.72553333333333,34.8126,35.122499999999995
2023-02-27,34.8206,34.908,35.2144
2023-02-28,34.8977,34.9875,35.3155
2023-03-01,34.8152,34.9009,35.2155
2023-03-02,34.5873,34.6837,35.0018
2023-03-03,34.5037,34.6028,34.9281
2023-03-04,34.449075,34.545375,34.867824999999996
2023-03-05,34.394450000000006,34.48795,34.80755
2023-03-06,34.339825000000005,34.430525,34.747275
2023-03-07,34.2852,34.3731,34.687
2023-03-08,34.8442,34.9423,35.2706
2023-03-09,34.8185,34.9159,35.2374
2023-03-10,34.7952,34.8937,35.2186
2023-03-11,34.642633333333336,34.7382,35.06346666666667
2023-03-12,34.490066666666664,34.5827,34.90833333333333
2023-03-13,34.3375,34.4272,34.7532
2023-03-14,34.2919,34.3809,34.701
2023-03-15,34.2795,34.3659,34.6865
2023-03-16,34.2604,34.3569,34.6828
2023-03-17,33.9894,34.0783,34.4107
2023-03-18,33.937266666666666,34.02513333333333,34.35406666666667
2023-03-19,33.885133333333336,33.97196666666667,34.29743333333333
2023-03-20,33.833,33.9188,34.2408
2023-03-21,33.8963,33.9901,34.3231
2023-03-22,34.2146,34.303,34.6187
2023-03-23,33.8824,33.966,34.2919
2023-03-24,33.8458,33.9359,34.2635
2023-03-25,33.914,34.00213333333333,34.32973333333334
2023-03-26,33.9822,34.06836666666666,34.395966666666666
2023-03-27,34.0504,34.1346,34.4622
2023-03-28,34.0454,34.1418,34.4742
2023-03-29,34.03,34.1167,34.4357
2023-03-30,33.9978,34.0966,34.4254
2023-03-31,33.8386,33.9345,34.2631
2023-04-01,33.936,34.0248,34.35273333333333
2023-04-02,34.0334,34.1151,34.442366666666665
2023-04-03,34.1308,34.2054,34.532
2023-04-04,33.9911,34.0896,34.4214
2023-04-05,33.6807,33.7829,34.1132
2023-04-06,33.757400000000004,33.85825,34.19095
2023-04-07,33.8341,33.9336,34.2687
2023-04-08,33.90153333333333,34.001266666666666,34.334833333333336
2023-04-09,33.96896666666667,34.068933333333334,34.40096666666667
2023-04-10,34.0364,34.1366,34.4671
2023-04-11,34.0514,34.1531,34.4803
2023-04-12,33.9787,34.079,34.4139
2023-04-13,33.99546,34.09632,34.43156
2023-04-14,34.01222,34.11364,34.44922
2023-04-15,34.028980000000004,34.13096,34.46688
2023-04-16,34.04574,34.14828,34.48454
2023-04-17,34.0625,34.1656,34.5022
2023-04-18,34.1617,34.2628,34.5892
2023-04-19,34.1027,34.1982,34.5264
2023-04-20,34.1549,34.2433,34.5636
2023-04-21,34.1056,34.1901,34.5097
2023-04-22,34.14096666666667,34.2271,34.549
2023-04-23,34.17633333333333,34.2641,34.588300000000004
2023-04-24,34.2117,34.3011,34.6276
2023-04-25,34.0797,34.1784,34.4988
2023-04-26,34.029,34.128,34.4535
2023-04-27,33.8538,33.9473,34.2812
2023-04-28,33.8778,33.9732,34.3005
2023-04-29,33.890375,33.98345,34.31095
2023-04-30,33.902950000000004,33.993700000000004,34.3214
2023-05-01,33.915525,34.00395,34.33185
2023-05-02,33.9281,34.0142,34.3423
2023-05-03,33.7854,33.878,34.2054
2023-05-04,33.76126,33.85494,34.18232
2023-05-05,33.737120000000004,33.83188,34.15924
2023-05-06,33.71298,33.808820000000004,34.136160000000004
2023-05-07,33.688840000000006,33.78576,34.113080000000004
2023-05-08,33.6647,33.7627,34.09
2023-05-09,33.4773,33.5716,33.9027
2023-05-10,33.41,33.5038,33.8365
2023-05-11,33.4444,33.5299,33.8458
2023-05-12,33.6428,33.7392,34.0612
2023-05-13,33.605266666666665,33.700599999999994,34.02713333333333
2023-05-14,33.56773333333334,33.662,33.99306666666667
2023-05-15,33.5302,33.6234,33.959
2023-05-16,33.6015,33.6966,34.0248
2023-05-17,33.9116,34.0071,34.3384
2023-05-18,33.958,34.0525,34.3731
2023-05-19,34.2062,34.3043,34.6241
2023-05-20,34.186,34.283966666666664,34.603766666666665
2023-05-21,34.165800000000004,34.26363333333333,34.58343333333333
2023-05-22,34.1456,34.2433,34.5631
2023-05-23,34.3546,34.4498,34.7718
2023-05-24,34.3108,34.3941,34.7093
2023-05-25,34.4392,34.5412,34.8652
2023-05-26,34.3941,34.4931,34.8257
2023-05-27,34.4376,34.5363,34.8657
2023-05-28,34.4811,34.5795,34.9057
2023-05-29,34.5246,34.6227,34.9457
2023-05-30,34.4914,34.5891,34.9137
2023-05-31,34.4712,34.5684,34.8953
2023-06-01,34.4919,34.5722,34.8944
2023-06-02,34.3489,34.435,34.761
2023-06-03,34.3869,34.475825,34.803875000000005
2023-06-04,34.4249,34.51665,34.84675
2023-06-05,34.462900000000005,34.557475000000004,34.889624999999995
2023-06-06,34.5009,34.5983,34.9325
2023-06-07,34.491,34.5853,34.9252
2023-06-08,34.606,34.7018,35.0339
2023-06-09,34.3711,34.4594,34.7839
2023-06-10,34.379999999999995,34.469033333333336,34.79173333333333
2023-06-11,34.3889,34.47866666666667,34.79956666666667
2023-06-12,34.3978,34.4883,34.8074
2023-06-13,34.3192,34.4053,34.7264
2023-06-14,34.3806,34.4715,34.7957
2023-06-15,34.5611,34.6532,34.9842
2023-06-16,34.3869,34.4836,34.8121
2023-06-17,34.420899999999996,34.513333333333335,34.84073333333333
2023-06-18,34.4549,34.54306666666667,34.86936666666667
2023-06-19,34.4889,34.5728,34.898
2023-06-20,34.4953,34.5936,34.9242
2023-06-21,34.5927,34.6763,35.0066
2023-06-22,34.6497,34.7416,35.0707
2023-06-23,34.965,35.0513,35.3674
2023-06-24,34.963300000000004,35.05276666666666,35.3718
2023-06-25,34.9616,35.054233333333336,35.376200000000004
2023-06-26,34.9599,35.0557,35.3806
2023-06-27,34.9594,35.045,35.361
2023-06-28,35.1652,35.2558,35.5871
2023-06-29,35.3691,35.4692,35.7958
2023-06-30,35.3426,35.4297,35.7489
2023-07-01,35.2132,35.300066666666666,35.619233333333334
2023-07-02,35.0838,35.17043333333333,35.48956666666667
2023-07-03,34.9544,35.0408,35.3599
2023-07-04,34.7521,34.8508,35.1751
2023-07-05,34.6502,34.7392,35.0723
2023-07-06,34.8458,34.9426,35.266
2023-07-07,34.9809,35.0778,35.4111
2023-07-08,34.9479,35.04436666666667,35.37623333333333
2023-07-09,34.9149,35.010933333333334,35.341366666666666
2023-07-10,34.8819,34.9775,35.3065
2023-07-11,34.6424,34.7408,35.0823
2023-07-12,34.5671,34.6542,34.9919
2023-07-13,34.3405,34.4436,34.7699
2023-07-14,34.3503,34.4453,34.7683
2023-07-15,34.369233333333334,34.462633333333336,34.78523333333334
2023-07-16,34.38816666666666,34.47996666666667,34.802166666666665
2023-07-17,34.4071,34.4973,34.8191
2023-07-18,34.0694,34.15,34.4818
2023-07-19,33.8196,33.9065,34.2215
2023-07-20,33.6969,33.7803,34.1001
2023-07-21,34.0593,34.1434,34.464
2023-07-22,34.118833333333335,34.20706666666667,34.5284
2023-07-23,34.17836666666667,34.27073333333333,34.592800000000004
2023-07-24,34.2379,34.3344,34.6572
2023-07-25,34.2426,34.3374,34.6652
2023-07-26,34.1545,34.2468,34.5699
2023-07-27,33.8349,33.9285,34.2512
2023-07-28,33.872675,33.966899999999995,34.291174999999996
2023-07-29,33.91045,34.0053,34.331149999999994
2023-07-30,33.948224999999994,34.0437,34.371125
2023-07-31,33.986,34.0821,34.4111
2023-08-01,34.03815,34.1288,34.45305
2023-08-02,34.0903,34.1755,34.495
2023-08-03,34.265,34.3571,34.6934
2023-08-04,34.4139,34.5067,34.8344
2023-08-05,34.4464,34.535833333333336,34.859033333333336
2023-08-06,34.4789,34.56496666666666,34.88366666666666
2023-08-07,34.5114,34.5941,34.9083
2023-08-08,34.6786,34.7726,35.1046
2023-08-09,34.7015,34.7994,35.1252
2023-08-10,34.8224,34.9194,35.2468
2023-08-11,34.8565,34.9543,35.2821
2023-08-12,34.903575,35.0011,35.3298
2023-08-13,34.950649999999996,35.0479,35.3775
2023-08-14,34.997725,35.0947,35.425200000000004
2023-08-15,35.0448,35.1415,35.4729
2023-08-16,35.156,35.2532,35.581
2023-08-17,35.2636,35.3627,35.6915
2023-08-18,35.135,35.2292,35.5588
2023-08-19,35.1108,35.20516666666666,35.53333333333333
2023-08-20,35.0866,35.181133333333335,35.507866666666665
2023-08-21,35.0624,35.1571,35.4824
2023-08-22,34.8444,34.9317,35.2576
2023-08-23,34.7046,34.7896,35.1085
2023-08-24,34.6643,34.745,35.0653
2023-08-25,34.8549,34.9331,35.2571
2023-08-26,34.8846,34.96563333333334,35.2917
2023-08-27,34.914300000000004,34.99816666666667,35.3263
2023-08-28,34.944,35.0307,35.3609
2023-08-29,34.9297,35.0279,35.3644
2023-08-30,34.8068,34.9043,35.234
2023-08-31,34.6872,34.7745,35.0956
2023-09-01,34.7591,34.8568,35.1899
2023-09-02,34.8052,34.8963,35.22456666666667
2023-09-03,34.851299999999995,34.9358,35.259233333333334
2023-09-04,34.8974,34.9753,35.2939
2023-09-05,35.1099,35.1954,35.5299
2023-09-06,35.2383,35.3273,35.6592
2023-09-07,35.3227,35.4079,35.7322
2023-09-08,35.305,35.3889,35.7111
2023-09-09,35.28756666666666,35.3748,35.6984
2023-09-10,35.270133333333334,35.3607,35.685700000000004
2023-09-11,35.2527,35.3466,35.673
2023-09-12,35.2984,35.3824,35.721
2023-09-13,35.4158,35.5146,35.8401
2023-09-14,35.4864,35.5673,35.8827
2023-09-15,35.5316,35.611,35.9323
2023-09-16,35.50086666666667,35.58273333333333,35.90396666666666
2023-09-17,35.47013333333333,35.55446666666667,35.87563333333333
2023-09-18,35.4394,35.5262,35.8473
2023-09-19,35.5795,35.6563,35.9808
2023-09-20,35.9217,36.0154,36.3484
2023-09-21,35.9435,36.0404,36.3674
2023-09-22,35.9203,35.9994,36.318
2023-09-23,35.86116666666666,35.94466666666667,36.265633333333334
2023-09-24,35.802033333333334,35.88993333333333,36.21326666666666
2023-09-25,35.7429,35.8352,36.1609
2023-09-26,36.0705,36.158,36.4792
2023-09-27,36.2368,36.3313,36.659
2023-09-28,36.4844,36.5672,36.9043
2023-09-29,36.2958,36.3944,36.7222
2023-09-30,36.379133333333336,36.4704,36.79526666666667
2023-10-01,36.462466666666664,36.5464,36.86833333333333
2023-10-02,36.5458,36.6224,36.9414
2023-10-03,36.8196,36.9187,37.2494
2023-10-04,36.9,36.9848,37.3012
2023-10-05,36.6456,36.7402,37.0647
2023-10-06,36.7268,36.8054,37.1277
2023-10-07,36.757,36.84126666666666,37.163599999999995
2023-10-08,36.7872,36.87713333333333,37.1995
2023-10-09,36.8174,36.913,37.2354
2023-10-10,36.6399,36.7327,37.0589
2023-10-11,36.2104,36.306,36.6386
2023-10-12,35.9709,36.0471,36.369
2023-10-13,35.9854,36.062725,36.383775
2023-10-14,35.9999,36.07835,36.39855
2023-10-15,36.0144,36.093975,36.413325
2023-10-16,36.0289,36.1096,36.4281
2023-10-17,36.1593,36.2486,36.5687
2023-10-18,36.0908,36.1711,36.4919
2023-10-19,36.1553,36.2473,36.5806
2023-10-20,36.2205,36.3105,36.6354
2023-10-21,36.14315,36.2345,36.560649999999995
2023-10-22,36.065799999999996,36.158500000000004,36.4859
2023-10-23,35.98845,36.0825,36.41115
2023-10-24,35.9111,36.0065,36.3364
2023-10-25,35.8882,35.97,36.2928
2023-10-26,36.0652,36.1606,36.4851
2023-10-27,35.9885,36.0698,36.3875
2023-10-28,35.924033333333334,36.00886666666667,36.33166666666667
2023-10-29,35.859566666666666,35.94793333333333,36.27583333333333
2023-10-30,35.7951,35.887,36.22
2023-10-31,35.7492,35.8442,36.1631
2023-11-01,35.993,36.0887,36.4147
2023-11-02,35.7565,35.8486,36.1776
2023-11-03,35.5997,35.6953,36.0194
2023-11-04,35.4698,35.563700000000004,35.88823333333333
2023-11-05,35.3399,35.4321,35.75706666666667
2023-11-06,35.21,35.3005,35.6259
2023-11-07,35.2629,35.3597,35.6811
2023-11-08,35.2638,35.3562,35.6781
2023-11-09,35.2297,35.3206,35.6458
2023-11-10,35.5657,35.6419,35.9698
2023-11-11,35.63386666666667,35.7176,36.04476666666667
2023-11-12,35.70203333333333,35.7933,36.11973333333333
2023-11-13,35.7702,35.869,36.1947
2023-11-14,35.8312,35.9093,36.2334
2023-11-15,35.2681,35.3601,35.6954
2023-11-16,35.3353,35.4318,35.7528
2023-11-17,34.9426,35.023,35.3459
2023-11-18,34.90493333333333,34.9884,35.31276666666667
2023-11-19,34.867266666666666,34.9538,35.27963333333333
2023-11-20,34.8296,34.9192,35.2465
2023-11-21,34.8502,34.9438,35.2666
2023-11-22,34.9784,35.0577,35.375
2023-11-23,34.9871,35.0737,35.4084
2023-11-24,35.1817,35.2631,35.5804
2023-11-25,35.116566666666664,35.202933333333334,35.524899999999995
2023-11-26,35.051433333333335,35.14276666666667,35.4694
2023-11-27,34.9863,35.0826,35.4139
2023-11-28,34.687,34.7799,35.1006
2023-11-29,34.4366,34.5316,34.8558
2023-11-30,34.7064,34.7803,35.1087
2023-12-01,34.9922,35.0783,35.398
2023-12-02,34.87553333333333,34.95976666666667,35.2783
2023-12-03,34.75886666666667,34.841233333333335,35.1586
2023-12-04,34.6422,34.7227,35.0389
2023-12-05,34.77295,34.855500000000006,35.1709
2023-12-06,34.9037,34.9883,35.3029
2023-12-07,35.0091,35.1099,35.4322
2023-12-08,34.9848,35.065,35.3824
2023-12-09,35.07335,35.1581,35.478875
2023-12-10,35.1619,35.2512,35.57535
2023-12-11,35.25045,35.3443,35.671825
2023-12-12,35.339,35.4374,35.7683
2023-12-13,35.4775,35.5746,35.8965
2023-12-14,34.8867,34.9829,35.3107
2023-12-15,34.6309,34.71,35.0294
2023-12-16,34.651399999999995,34.7359,35.0589
2023-12-17,34.6719,34.7618,35.0884
2023-12-18,34.6924,34.7877,35.1179
2023-12-19,34.7197,34.8127,35.141
2023-12-20,34.6587,34.753,35.0799
2023-12-21,34.6944,34.7755,35.096
2023-12-22,34.4326,34.5214,34.844
2023-12-23,34.4082,34.494033333333334,34.8202
2023-12-24,34.3838,34.46666666666667,34.7964
2023-12-25,34.3594,34.4393,34.7726
2023-12-26,34.3535,34.4471,34.7859
2023-12-27,34.2238,34.3187,34.6437
2023-12-28,33.9685,34.059,34.3876
2023-12-29,33.97388,34.06596,34.392939999999996
2023-12-30,33.97926,34.072919999999996,34.39828
2023-12-31,33.98464,34.07988,34.40362
2024-01-01,33.990019999999994,34.08684,34.40896
2024-01-02,33.9954,34.0938,34.4143
2024-01-03,34.0178,34.1071,34.4324
2024-01-04,34.2532,34.3489,34.6718
2024-01-05,34.3376,34.4168,34.7289
2024-01-06,34.414500000000004,34.49906666666667,34.81263333333334
2024-01-07,34.4914,34.58133333333333,34.896366666666665
2024-01-08,34.5683,34.6636,34.9801
2024-01-09,34.6401,34.7351,35.0538
2024-01-10,34.8127,34.8921,35.2088
2024-01-11,34.7631,34.8569,35.1869
2024-01-12,34.7934,34.8882,35.2243
2024-01-13,34.737433333333335,34.831133333333334,35.161966666666665
2024-01-14,34.681466666666665,34.77406666666666,35.09963333333334
2024-01-15,34.6255,34.717,35.0373
2024-01-16,34.9009,34.9802,35.3045
2024-01-17,35.2677,35.3646,35.6865
2024-01-18,35.322,35.407,35.7223
2024-01-19,35.3017,35.393,35.7171
2024-01-20,35.30533333333333,35.3918,35.71403333333333
2024-01-21,35.30896666666667,35.3906,35.71096666666667
2024-01-22,35.3126,35.3894,35.7079
2024-01-23,35.3794,35.4725,35.7888
2024-01-24,35.5382,35.634,35.9589
2024-01-25,35.516,35.5949,35.9129
2024-01-26,35.4425,35.518,35.8382
2024-01-27,35.40456666666667,35.48226666666667,35.803
2024-01-28,35.36663333333333,35.446533333333335,35.7678
2024-01-29,35.3287,35.4108,35.7326
2024-01-30,35.102,35.1932,35.5197
2024-01-31,35.1667,35.2676,35.5944
2024-02-01,35.2515,35.3459,35.6672
2024-02-02,35.0841,35.1778,35.5045
2024-02-03,35.194966666666666,35.28993333333333,35.6199
2024-02-04,35.30583333333333,35.40206666666667,35.7353
2024-02-05,35.4167,35.5142,35.8507
2024-02-06,35.452,35.5484,35.8761
2024-02-07,35.2772,35.3663,35.693
2024-02-08,35.4459,35.5397,35.8664
2024-02-09,35.6593,35.7543,36.0766
2024-02-10,35.657833333333336,35.7491,36.072266666666664
2024-02-11,35.65636666666666,35.743900000000004,36.067933333333336
2024-02-12,35.6549,35.7387,36.0636
2024-02-13,35.5431,35.6385,35.9676
2024-02-14,35.8174,35.9128,36.2577
2024-02-15,35.9016,35.9826,36.3048
2024-02-16,35.8535,35.9478,36.2737
2024-02-17,35.79723333333333,35.89093333333334,36.21893333333333
2024-02-18,35.740966666666665,35.834066666666665,36.16416666666667
2024-02-19,35.6847,35.7772,36.1094
2024-02-20,35.8871,35.9785,36.307
2024-02-21,35.6949,35.779,36.1036
2024-02-22,35.6202,35.7179,36.0429
2024-02-23,35.7177,35.8195,36.1495
2024-02-24,35.697,35.7967,36.1272
2024-02-25,35.6763,35.7739,36.1049
2024-02-26,35.6556,35.751099999999994,36.0826
2024-02-27,35.6349,35.7283,36.0603
2024-02-28,35.6684,35.7615,36.0892
2024-02-29,35.6915,35.7757,36.0959
2024-03-01,35.6507,35.7439,36.0754
2024-03-02,35.616566666666664,35.71013333333333,36.04173333333333
2024-03-03,35.582433333333334,35.67636666666667,36.00806666666667
2024-03-04,35.5483,35.6426,35.9744
2024-03-05,35.5518,35.6427,35.9751
2024-03-06,35.5282,35.617,35.9408
2024-03-07,35.3601,35.4445,35.7669
2024-03-08,35.2547,35.3449,35.6677
2024-03-09,35.22683333333333,35.3188,35.641466666666666
2024-03-10,35.19896666666667,35.292699999999996,35.615233333333336
2024-03-11,35.1711,35.2666,35.589
2024-03-12,35.2442,35.3366,35.6639
2024-03-13,35.4466,35.541,35.8686
2024-03-14,35.4091,35.5016,35.8413
2024-03-15,35.5444,35.6381,35.97
2024-03-16,35.593900000000005,35.68356666666667,36.014966666666666
2024-03-17,35.6434,35.729033333333334,36.05993333333333
2024-03-18,35.6929,35.7745,36.1049
2024-03-19,35.7599,35.8553,36.1824
2024-03-20,35.8275,35.9137,36.2322
2024-03-21,35.7096,35.8015,36.1225
2024-03-22,36.1487,36.2418,36.5747
2024-03-23,36.1294,36.2224,36.551
2024-03-24,36.1101,36.202999999999996,36.5273
2024-03-25,36.0908,36.1836,36.5036
2024-03-26,36.1141,36.1978,36.5206
2024-03-27,36.1573,36.2447,36.5705
2024-03-28,36.1959,36.2768,36.596
2024-03-29,36.1994,36.2983,36.6318
2024-03-30,36.16446666666666,36.262233333333334,36.59713333333333
2024-03-31,36.129533333333335,36.226166666666664,36.562466666666666
2024-04-01,36.0946,36.1901,36.5278
2024-04-02,36.3915,36.4788,36.8056
2024-04-03,36.4108,36.4948,36.8165
2024-04-04,36.4122,36.4967,36.8214
2024-04-05,36.5078,36.6036,36.9255
2024-04-06,36.462725000000006,36.558575,36.882999999999996
2024-04-07,36.41765,36.513549999999995,36.8405
2024-04-08,36.372575,36.468525,36.798
2024-04-09,36.3275,36.4235,36.7555
2024-04-10,36.0754,36.1637,36.4876
2024-04-11,36.3861,36.4836,36.8068
2024-04-12,36.405566666666665,36.50298333333333,36.82626666666667
2024-04-13,36.42503333333333,36.52236666666667,36.845733333333335
2024-04-14,36.4445,36.54175,36.8652
2024-04-15,36.463966666666664,36.56113333333333,36.88466666666667
2024-04-16,36.48343333333333,36.58051666666667,36.904133333333334
2024-04-17,36.5029,36.5999,36.9236
2024-04-18,36.5101,36.6063,36.9383
2024-04-19,36.5997,36.6924,37.0351
2024-04-20,36.639266666666664,36.73,37.0671
2024-04-21,36.67883333333334,36.7676,37.0991
2024-04-22,36.7184,36.8052,37.1311
2024-04-23,36.781,36.8732,37.1995
2024-04-24,36.6587,36.7523,37.0816
2024-04-25,36.8574,36.9415,37.2588
2024-04-26,36.7507,36.8472,37.1724
2024-04-27,36.7594,36.85476666666667,37.181266666666666
2024-04-28,36.768100000000004,36.86233333333333,37.190133333333335
2024-04-29,36.7768,36.8699,37.199
2024-04-30,36.7985,36.8907,37.2246
2024-05-01,36.741749999999996,36.83315,37.16615
2024-05-02,36.685,36.7756,37.1077
2024-05-03,36.5536,36.6438,36.9704
2024-05-04,36.5429,36.634275,36.961475
2024-05-05,36.5322,36.62475,36.95255
2024-05-06,36.5215,36.615224999999995,36.943625
2024-05-07,36.5108,36.6057,36.9347
2024-05-08,36.7089,36.8071,37.143
2024-05-09,36.6603,36.757,37.0913
2024-05-10,36.4808,36.5648,36.887
2024-05-11,36.49986666666667,36.58486666666666,36.909333333333336
2024-05-12,36.51893333333333,36.604933333333335,36.931666666666665
2024-05-13,36.538,36.625,36.954
2024-05-14,36.5209,36.6136,36.9428
2024-05-15,36.2888,36.3802,36.7184
2024-05-16,35.9171,36.0051,36.3236
2024-05-17,35.9996,36.0912,36.4102
2024-05-18,35.91563333333333,36.00946666666667,36.33026666666667
2024-05-19,35.83166666666667,35.92773333333333,36.25033333333334
2024-05-20,35.7477,35.846,36.1704
2024-05-21,36.0093,36.0985,36.4261
2024-05-22,36.13365,36.22605,36.5583
2024-05-23,36.258,36.3536,36.6905
2024-05-24,36.4316,36.5299,36.8595
2024-05-25,36.40853333333334,36.504933333333334,36.834966666666666
2024-05-26,36.385466666666666,36.47996666666666,36.81043333333333
2024-05-27,36.3624,36.455,36.7859
2024-05-28,36.3208,36.4162,36.7458
2024-05-29,36.4033,36.4959,36.8246
2024-05-30,36.6305,36.7261,37.0552
2024-05-31,36.4875,36.5711,36.8914
2024-06-01,36.45025,36.533825,36.855425
2024-06-02,36.413,36.49655,36.81945
2024-06-03,36.375750000000004,36.459275,36.783475
2024-06-04,36.3385,36.422,36.7475
2024-06-05,36.344,36.4388,36.7642
2024-06-06,36.2366,36.3277,36.6561
2024-06-07,36.1399,36.2301,36.5627
2024-06-08,36.30193333333333,36.390233333333335,36.722966666666665
2024-06-09,36.463966666666664,36.55036666666667,36.88323333333334
2024-06-10,36.626,36.7105,37.0435
2024-06-11,36.5125,36.6012,36.9455
2024-06-12,36.465,36.5588,36.8971
2024-06-13,36.3791,36.4611,36.7829
2024-06-14,36.5069,36.5903,36.9131
2024-06-15,36.510466666666666,36.59396666666667,36.917033333333336
2024-06-16,36.51403333333334,36.597633333333334,36.920966666666665
2024-06-17,36.5176,36.6013,36.9249
2024-06-18,36.5376,36.6298,36.9628
2024-06-19,36.4413,36.5356,36.8694
2024-06-20,36.4444,36.5362,36.8651
2024-06-21,36.4589,36.5454,36.8765
2024-06-22,36.46896666666667,36.55826666666667,36.8893
2024-06-23,36.479033333333334,36.571133333333336,36.902100000000004
2024-06-24,36.4891,36.584,36.9149
2024-06-25,36.3587,36.4422,36.7664
2024-06-26,36.5027,36.5991,36.9366
2024-06-27,36.6749,36.7676,37.1072
2024-06-28,36.6013,36.6888,37.0105
2024-06-29,36.56006666666667,36.646433333333334,36.9706
2024-06-30,36.51883333333333,36.60406666666667,36.9307
2024-07-01,36.4776,36.5617,36.8908
2024-07-02,36.541,36.6343,36.9696
2024-07-03,36.5734,36.6673,37.0
2024-07-04,36.3615,36.4525,36.7849
2024-07-05,36.3343,36.4292,36.7644
2024-07-06,36.2893,36.37976666666667,36.71086666666667
2024-07-07,36.2443,36.330333333333336,36.657333333333334
2024-07-08,36.1993,36.2809,36.6038
2024-07-09,36.1793,36.2704,36.6035
2024-07-10,36.1511,36.2437,36.5796
2024-07-11,36.0101,36.0912,36.4199
2024-07-12,35.9269,36.0189,36.3404
2024-07-13,35.9373,36.02996666666667,36.35693333333334
2024-07-14,35.947700000000005,36.04103333333334,36.373466666666666
2024-07-15,35.9581,36.0521,36.39
2024-07-16,35.9343,36.031,36.36
2024-07-17,35.6894,35.7847,36.11
2024-07-18,35.7092,35.8033,36.1322
2024-07-19,35.9596,36.0568,36.3855
2024-07-20,35.97025,36.066950000000006,36.396425
2024-07-21,35.980900000000005,36.0771,36.40735
2024-07-22,35.991550000000004,36.08725,36.418275
2024-07-23,36.0022,36.0974,36.4292
2024-07-24,35.8649,35.9562,36.2868
2024-07-25,35.8929,35.984,36.3064
2024-07-26,35.9109,36.0021,36.3315
2024-07-27,35.866524999999996,35.95755,36.28725
2024-07-28,35.82215,35.913,36.242999999999995
2024-07-29,35.777775000000005,35.86845,36.19875
2024-07-30,35.7334,35.8239,36.1545
2024-07-31,35.5193,35.6017,35.9153
2024-08-01,35.2675,35.3486,35.664
2024-08-02,35.251,35.343,35.6696
2024-08-03,35.1571,35.249233333333336,35.57536666666667
2024-08-04,35.063199999999995,35.15546666666667,35.48113333333333
2024-08-05,34.9693,35.0617,35.3869
2024-08-06,35.1796,35.2712,35.5928
2024-08-07,35.3304,35.4236,35.7495
2024-08-08,35.2141,35.3105,35.6437
2024-08-09,34.984,35.0738,35.3974
2024-08-10,34.96115,35.052175,35.380174999999994
2024-08-11,34.9383,35.03055,35.36295
2024-08-12,34.91545,35.008925,35.345725
2024-08-13,34.8926,34.9873,35.3285
2024-08-14,34.6894,34.7854,35.1085
2024-08-15,34.8396,34.9325,35.2632
2024-08-16,34.8098,34.9051,35.2306
2024-08-17,34.6104,34.705666666666666,35.036300000000004
2024-08-18,34.411,34.506233333333334,34.842
2024-08-19,34.2116,34.3068,34.6477
2024-08-20,34.0519,34.1465,34.4667
2024-08-21,33.9422,34.0353,34.3582
2024-08-22,34.0714,34.1638,34.4841
2024-08-23,34.1242,34.2082,34.5245
2024-08-24,33.992333333333335,34.07536666666667,34.39426666666667
2024-08-25,33.86046666666667,33.94253333333333,34.26403333333334
2024-08-26,33.7286,33.8097,34.1338
2024-08-27,33.8017,33.8927,34.2264
2024-08-28,33.7396,33.8216,34.1488
2024-08-29,33.7343,33.8314,34.1683
2024-08-30,33.7074,33.8047,34.1297
2024-08-31,33.76493333333333,33.863366666666664,34.19043333333333
2024-09-01,33.82246666666667,33.92203333333333,34.25116666666667
2024-09-02,33.88,33.9807,34.3119
2024-09-03,33.9955,34.0903,34.4248
2024-09-04,33.9967,34.081,34.4032
2024-09-05,33.5809,33.6637,33.996
2024-09-06,33.3055,33.3961,33.72
2024-09-07,33.3935,33.48016666666666,33.80493333333333
2024-09-08,33.4815,33.564233333333334,33.88986666666667
2024-09-09,33.5695,33.6483,33.9748
2024-09-10,33.6097,33.702,34.0354
2024-09-11,33.3731,33.4532,33.7721
2024-09-12,33.483,33.578,33.9021
2024-09-13,33.0765,33.1707,33.5013
2024-09-14,33.0341,33.128,33.45923333333334
2024-09-15,32.9917,33.0853,33.41716666666667
2024-09-16,32.9493,33.0426,33.3751
2024-09-17,33.0402,33.131,33.4618
2024-09-18,33.0818,33.1761,33.5078
2024-09-19,33.0603,33.1332,33.4933
2024-09-20,32.8459,32.9216,33.2504
2024-09-21,32.7904,32.871766666666666,33.2003
2024-09-22,32.7349,32.821933333333334,33.1502
2024-09-23,32.6794,32.7721,33.1001
2024-09-24,32.6959,32.7889,33.1156
2024-09-25,32.4078,32.4915,32.8102
2024-09-26,32.4266,32.5212,32.8486
2024-09-27,32.1948,32.2866,32.6133
2024-09-28,32.1406,32.2332,32.560966666666666
2024-09-29,32.086400000000005,32.1798,32.508633333333336
2024-09-30,32.0322,32.1264,32.4563
2024-10-01,32.2277,32.3112,32.6295
2024-10-02,32.3425,32.4347,32.7537
2024-10-03,32.7811,32.8773,33.1991
2024-10-04,32.8023,32.8931,33.225
2024-10-05,32.9268,33.01906666666667,33.348733333333335
2024-10-06,33.051300000000005,33.14503333333333,33.47246666666667
2024-10-07,33.1758,33.271,33.5962
2024-10-08,33.2794,33.3601,33.6738
2024-10-09,33.1642,33.2574,33.5779
2024-10-10,33.2655,33.3561,33.6815
2024-10-11,33.067,33.153,33.4761
2024-10-12,33.07005,33.158325,33.481425
2024-10-13,33.0731,33.163650000000004,33.48675
2024-10-14,33.07615,33.168975,33.492075
2024-10-15,33.0792,33.1743,33.4974
2024-10-16,33.0568,33.1466,33.4691
2024-10-17,32.9624,33.0525,33.3861
2024-10-18,32.8785,32.969,33.3048
2024-10-19,32.91563333333333,33.0034,33.33906666666667
2024-10-20,32.95276666666667,33.037800000000004,33.373333333333335
2024-10-21,32.9899,33.0722,33.4076
2024-10-22,33.2458,33.3418,33.6693
2024-10-23,33.3782,33.473749999999995,33.8039
2024-10-24,33.5106,33.6057,33.9385
2024-10-25,33.4776,33.5725,33.8958
2024-10-26,33.49966666666667,33.590199999999996,33.91276666666667
2024-10-27,33.52173333333333,33.6079,33.92973333333333
2024-10-28,33.5438,33.6256,33.9467
2024-10-29,33.5147,33.6064,33.942
2024-10-30,33.4569,33.55,33.8744
2024-10-31,33.5043,33.5901,33.9135
2024-11-01,33.5821,33.6718,33.9971
2024-11-02,33.568466666666666,33.65826666666666,33.9846
2024-11-03,33.554833333333335,33.644733333333335,33.972100000000005
2024-11-04,33.5412,33.6312,33.9596
2024-11-05,33.4494,33.5454,33.8752
2024-11-06,33.6616,33.7566,34.1185
2024-11-07,34.0934,34.1929,34.5215
2024-11-08,33.8247,33.9071,34.2293
2024-11-09,33.89756666666667,33.984766666666665,34.3096
2024-11-10,33.97043333333333,34.06243333333333,34.3899
2024-11-11,34.0433,34.1401,34.4702
2024-11-12,34.431,34.5221,34.8533
2024-11-13,34.4922,34.5824,34.9174
2024-11-14,34.7486,34.835,35.1571
2024-11-15,34.6631,34.7573,35.0772
2024-11-16,34.617533333333334,34.70693333333333,35.0288
2024-11-17,34.57196666666667,34.65656666666667,34.9804
2024-11-18,34.5264,34.6062,34.932
2024-11-19,34.3638,34.4548,34.786
2024-11-20,34.3107,34.4017,34.7318
2024-11-21,34.41,34.4932,34.8177
2024-11-22,34.4531,34.5466,34.873
2024-11-23,34.38386666666666,34.4784,34.8026
2024-11-24,34.31463333333333,34.410199999999996,34.7322
2024-11-25,34.2454,34.342,34.6618
2024-11-26,34.4622,34.5569,34.8867
2024-11-27,34.4187,34.5152,34.8391
2024-11-28,34.2306,34.3218,34.648
2024-11-29,34.0356,34.1265,34.4502
2024-11-30,34.0922,34.18803333333334,34.513666666666666
2024-12-01,34.1488,34.24956666666667,34.577133333333336
2024-12-02,34.2054,34.3111,34.6406
2024-12-03,34.2175,34.3083,34.6334
2024-12-04,34.0745,34.1734,34.4984
2024-12-05,33.95085,34.04715,34.37435
2024-12-06,33.8272,33.9209,34.2503
2024-12-07,33.79156666666667,33.886500000000005,34.211733333333335
2024-12-08,33.75593333333333,33.8521,34.17316666666667
2024-12-09,33.7203,33.8177,34.1346
2024-12-10,33.61815,33.71255,34.0329
2024-12-11,33.516,33.6074,33.9312
2024-12-12,33.5891,33.6791,34.0
2024-12-13,33.7628,33.8438,34.166
2024-12-14,33.79866666666666,33.8813,34.2037
2024-12-15,33.83453333333333,33.9188,34.2414
2024-12-16,33.8704,33.9563,34.2791
2024-12-17,33.8477,33.939,34.2683
2024-12-18,33.9726,34.0664,34.3969
2024-12-19,34.3234,34.4191,34.7544
2024-12-20,34.3278,34.4207,34.7455
2024-12-21,34.2203,34.31386666666666,34.643633333333334
2024-12-22,34.1128,34.207033333333335,34.54176666666667
2024-12-23,34.0053,34.1002,34.4399
2024-12-24,33.9545,34.05,34.3826
2024-12-25,33.9166,34.0051,34.3511
2024-12-26,33.9556,34.0497,34.3836
2024-12-27,33.8709,33.9682,34.2924
2024-12-28,33.831066666666665,33.922000000000004,34.243633333333335
2024-12-29,33.79123333333333,33.8758,34.19486666666666
2024-12-30,33.7514,33.8296,34.1461
